,ECG_RA,ECG_LA,GSR,AF3,F7,F3,FC5,T7,P7,01,02,P8,T8,FC6,F4,F8,AF4,emotion
0,2044.0,2052.0,34996.0,4812.820512820514,4709.743589743591,4075.897435897437,4094.358974358975,4776.923076923077,4263.589743589744,4294.871794871796,4689.23076923077,4523.589743589744,4443.589743589744,4168.205128205129,4505.128205128206,4500.000000000001,4664.615384615386,anger
1,2083.0,2065.0,35699.0,4791.794871794872,4710.769230769231,4071.794871794873,4086.666666666667,4775.384615384616,4260.000000000001,4280.000000000001,4693.333333333334,4510.769230769231,4437.4358974358975,4153.846153846154,4510.256410256411,4514.3589743589755,4657.948717948719,anger
2,2045.0,2049.0,34669.0,4857.948717948719,4735.384615384616,4130.769230769231,4101.538461538462,4792.307692307693,4310.256410256411,4353.846153846154,4714.3589743589755,4529.743589743591,4474.871794871796,4225.641025641026,4575.897435897437,4510.256410256411,4702.051282051281,anger
3,2103.0,2098.0,35073.0,4805.128205128206,4709.23076923077,4076.410256410257,4090.7692307692323,4781.0256410256425,4270.769230769231,4302.5641025641025,4690.256410256411,4530.769230769231,4444.102564102564,4227.179487179487,4512.820512820514,4492.820512820514,4644.615384615385,anger
4,2043.0,2050.0,35331.0,4811.282051282052,4706.666666666667,4078.4615384615386,4098.461538461539,4776.923076923077,4263.076923076924,4292.820512820514,4697.948717948719,4531.282051282052,4441.0256410256425,4177.4358974358975,4511.282051282052,4496.923076923077,4657.948717948719,anger
5,2027.0,2038.0,35491.0,4803.589743589744,4721.0256410256425,4082.051282051282,4087.6923076923076,4778.461538461539,4264.102564102564,4288.205128205129,4692.307692307693,4525.128205128206,4442.051282051281,4167.179487179487,4518.974358974359,4502.5641025641025,4674.3589743589755,anger
6,2091.0,2041.0,35812.0,4792.820512820514,4722.051282051281,4057.9487179487182,4080.5128205128212,4769.23076923077,4254.871794871796,4273.846153846154,4694.871794871796,4512.307692307693,4429.743589743591,4154.3589743589755,4502.5641025641025,4491.794871794872,4653.333333333334,anger
7,2037.0,2049.0,51252.0,4789.743589743591,4703.589743589744,4057.435897435898,4082.051282051282,4771.794871794872,4261.538461538462,4274.3589743589755,4695.897435897437,4540.000000000001,4409.2307692307695,4160.512820512821,4515.384615384616,4520.512820512821,4674.3589743589755,anger
8,2038.0,2050.0,50911.0,4769.23076923077,4705.128205128206,4074.358974358975,4073.8461538461534,4771.282051282052,4257.948717948719,4293.333333333334,4690.256410256411,4528.717948717949,4333.846153846154,4170.256410256411,4517.4358974358975,4527.6923076923085,4655.897435897437,anger
9,2038.0,2049.0,51200.0,4788.717948717949,4700.512820512821,4061.538461538462,4089.2307692307704,4773.333333333334,4258.461538461539,4266.153846153847,4694.3589743589755,4529.743589743591,4420.512820512821,4196.923076923077,4516.923076923077,4565.641025641026,4678.461538461539,anger
10,2036.0,2048.0,51225.0,4783.076923076924,4704.615384615386,4056.410256410257,4081.538461538462,4773.333333333334,4259.48717948718,4276.410256410257,4691.794871794872,4532.307692307693,4404.615384615385,4167.6923076923085,4506.666666666667,4523.589743589744,4662.051282051281,anger
11,2043.0,2051.0,35674.0,4704.615384615386,4677.4358974358975,4046.666666666667,4042.564102564103,4748.205128205129,4244.102564102564,4260.512820512821,4696.410256410257,4557.948717948719,4421.0256410256425,4141.538461538462,4482.5641025641025,4503.076923076924,4631.794871794872,anger
12,2041.0,2050.0,35391.0,4749.23076923077,4672.820512820514,4046.153846153847,4058.9743589743593,4749.23076923077,4231.794871794872,4257.4358974358975,4700.512820512821,4556.923076923077,4424.615384615385,4153.846153846154,4505.128205128206,4508.717948717949,4644.615384615385,anger
13,2042.0,2051.0,35332.0,4748.717948717949,4675.384615384616,4034.871794871795,4051.282051282052,4747.6923076923085,4227.179487179487,4264.615384615385,4695.384615384616,4582.5641025641025,4412.307692307693,4151.794871794872,4495.384615384616,4510.769230769231,4633.846153846154,anger
14,2074.0,2069.0,18000.0,4764.615384615386,4704.102564102564,4050.2564102564106,4062.564102564103,4781.538461538462,4202.5641025641025,4253.333333333334,4701.538461538462,4542.5641025641025,4431.794871794872,4175.897435897437,4483.589743589744,4492.307692307693,4649.23076923077,anger
15,2010.0,2024.0,35421.0,4760.000000000001,4629.743589743591,4016.9230769230776,4048.717948717949,4743.589743589744,4216.923076923077,4229.2307692307695,4666.666666666667,4505.641025641026,4394.871794871796,4202.5641025641025,4486.153846153847,4473.333333333334,4568.205128205129,anger
16,2055.0,2056.0,52217.0,4934.3589743589755,4795.897435897437,4162.051282051281,4150.256410256411,4977.948717948719,4222.5641025641025,4383.589743589744,4802.051282051281,4654.3589743589755,4539.48717948718,4296.923076923077,4607.179487179488,4620.512820512821,4754.871794871796,anger
17,2047.5,2054.0,34647.0,4673.846153846154,4641.538461538462,4058.4615384615386,4019.4871794871797,4765.128205128206,4225.128205128206,4247.179487179487,4689.23076923077,4490.769230769231,4407.179487179487,4135.897435897437,4490.256410256411,4441.0256410256425,4575.384615384616,anger
18,2037.0,2057.0,52395.0,4841.538461538462,4677.948717948719,4070.7692307692323,4078.9743589743593,4797.948717948719,4272.307692307693,4263.589743589744,4677.948717948719,4493.846153846154,4425.641025641026,4253.333333333334,4502.5641025641025,4503.589743589744,4654.3589743589755,anger
19,2048.0,2059.0,52076.0,4814.871794871796,4709.743589743591,4122.5641025641025,4069.7435897435907,4794.871794871796,4273.846153846154,4288.717948717949,4719.48717948718,4551.282051282052,4445.641025641026,4184.615384615385,4508.205128205129,4491.794871794872,4625.128205128206,anger
20,2044.0,2047.0,50707.0,4817.4358974358975,4729.743589743591,3993.8461538461534,4070.2564102564106,4784.615384615386,4245.128205128206,4252.820512820514,4674.3589743589755,4488.205128205129,4416.923076923077,4177.948717948719,4479.48717948718,4515.384615384616,4716.923076923077,anger
21,2041.0,2049.0,50720.0,4815.897435897437,4721.538461538462,4009.2307692307704,4048.205128205129,4777.948717948719,4250.769230769231,4237.4358974358975,4660.512820512821,4493.846153846154,4402.5641025641025,4116.923076923077,4459.48717948718,4470.256410256411,4697.4358974358975,anger
22,2042.0,2049.0,50710.0,4773.846153846154,4701.0256410256425,4032.307692307693,4035.384615384616,4761.0256410256425,4237.4358974358975,4254.871794871796,4669.743589743591,4504.102564102564,4393.333333333334,4147.179487179487,4469.743589743591,4484.102564102564,4661.538461538462,anger
23,2044.0,2047.0,51791.0,4777.948717948719,4682.051282051281,4019.4871794871797,4065.6410256410254,4760.512820512821,4204.102564102564,4247.179487179487,4703.589743589744,4536.923076923077,4463.076923076924,4151.794871794872,4491.794871794872,4531.794871794872,4655.384615384616,anger
24,,,18023.0,4812.820512820514,4701.0256410256425,4092.307692307693,4085.1282051282055,4777.4358974358975,4202.051282051281,4258.974358974359,4689.23076923077,4523.076923076924,4450.769230769231,4190.769230769231,4540.512820512821,4539.48717948718,4658.461538461539,anger
25,,,18074.0,4782.5641025641025,4710.256410256411,4052.8205128205127,4065.1282051282055,4773.333333333334,4230.256410256411,4264.102564102564,4703.076923076924,4533.333333333334,4432.820512820514,4186.153846153847,4517.4358974358975,4505.128205128206,4682.5641025641025,anger
26,2041.0,2046.0,36048.0,4758.461538461539,4709.23076923077,4032.307692307693,4050.2564102564106,4763.589743589744,4229.74358974359,4251.794871794872,4697.948717948719,4538.461538461539,4434.871794871796,4215.897435897437,4522.051282051281,4515.384615384616,4676.923076923077,anger
27,2074.0,2079.0,35095.0,4774.871794871796,4714.871794871796,4033.8461538461534,4074.358974358975,4770.769230769231,4237.948717948719,4269.2307692307695,4695.384615384616,4546.666666666667,4444.615384615385,4195.897435897437,4497.4358974358975,4538.461538461539,4667.6923076923085,anger
28,2084.0,2094.0,35395.0,4774.3589743589755,4713.846153846154,4029.7435897435907,4083.076923076924,4763.589743589744,4240.000000000001,4266.666666666667,4692.820512820514,4538.461538461539,4437.4358974358975,4183.589743589744,4489.743589743591,4547.6923076923085,4666.666666666667,anger
29,2097.0,2106.0,34947.0,4771.794871794872,4713.846153846154,4028.717948717949,4073.8461538461534,4773.846153846154,4237.4358974358975,4274.3589743589755,4698.461538461539,4559.48717948718,4438.461538461539,4140.512820512821,4521.0256410256425,4548.717948717949,4660.512820512821,anger
30,2074.0,2082.0,34857.0,4766.666666666667,4695.384615384616,4055.384615384616,4050.2564102564106,4785.641025641026,4231.282051282052,4282.051282051281,4712.820512820514,4532.820512820514,4434.3589743589755,4170.769230769231,4531.794871794872,4533.846153846154,4660.000000000001,anger
31,2054.0,2058.0,34912.0,4768.205128205129,4706.666666666667,4047.1794871794878,4065.6410256410254,4785.128205128206,4233.846153846154,4282.051282051281,4707.6923076923085,4522.5641025641025,4440.000000000001,4174.871794871796,4527.179487179488,4543.076923076924,4649.743589743591,anger
32,2045.0,2054.0,35659.0,4749.743589743591,4708.717948717949,4045.6410256410254,4088.205128205129,4774.3589743589755,4235.897435897437,4265.641025641026,4705.641025641026,4552.820512820514,4440.000000000001,4167.6923076923085,4511.794871794872,4525.641025641026,4683.076923076924,anger
33,2066.0,2039.0,36083.0,4669.23076923077,4711.794871794872,4007.6923076923076,4093.8461538461534,4767.6923076923085,4219.48717948718,4265.128205128206,4700.512820512821,4535.384615384616,4435.384615384616,4165.641025641026,4508.205128205129,4517.948717948719,4495.384615384616,anger
34,2032.0,2030.0,36035.0,4788.717948717949,4707.179487179488,4037.9487179487182,4090.7692307692323,4775.384615384616,4230.769230769231,4265.641025641026,4698.461538461539,4552.307692307693,4446.153846153847,4168.205128205129,4496.410256410257,4520.512820512821,4626.153846153847,anger
35,2043.0,2037.0,35048.0,4808.205128205129,4696.923076923077,4064.615384615385,4084.102564102565,4775.897435897437,4223.589743589744,4264.102564102564,4686.666666666667,4599.48717948718,4429.743589743591,4166.666666666667,4495.384615384616,4536.410256410257,4657.948717948719,anger
36,2044.0,2061.0,35794.0,4761.0256410256425,4708.205128205129,4036.410256410257,4082.564102564103,4771.282051282052,4232.307692307693,4265.641025641026,4701.0256410256425,4552.307692307693,4440.512820512821,4168.205128205129,4512.820512820514,4530.769230769231,4644.102564102564,anger
37,2046.0,2055.0,35347.0,4777.4358974358975,4701.0256410256425,4061.538461538462,4088.205128205129,4780.000000000001,4219.48717948718,4268.205128205129,4702.5641025641025,4563.076923076924,4454.871794871796,4175.897435897437,4517.4358974358975,4531.794871794872,4687.179487179488,anger
38,2060.0,2075.0,35204.0,4828.205128205129,4694.3589743589755,4086.153846153847,4087.6923076923076,4780.000000000001,4234.3589743589755,4278.974358974359,4705.128205128206,4569.23076923077,4452.820512820514,4186.153846153847,4521.538461538462,4535.897435897437,4677.4358974358975,anger
39,2065.0,2074.0,17949.0,4734.3589743589755,4676.923076923077,4004.102564102565,4061.538461538462,4751.282051282052,4202.051282051281,4233.846153846154,4675.384615384616,4521.538461538462,4422.051282051281,4138.461538461539,4491.282051282052,4487.6923076923085,4624.615384615385,anger
40,2042.0,2051.0,18005.0,4781.0256410256425,4686.153846153847,4025.1282051282055,4071.282051282052,4761.0256410256425,4217.4358974358975,4250.769230769231,4689.23076923077,4534.3589743589755,4425.641025641026,4142.051282051281,4510.256410256411,4520.512820512821,4657.4358974358975,anger
41,2014.0,2023.0,18265.0,4764.102564102564,4688.205128205129,4042.051282051282,4071.794871794873,4752.307692307693,4227.6923076923085,4257.4358974358975,4686.153846153847,4532.820512820514,4429.2307692307695,4141.538461538462,4528.717948717949,4520.512820512821,4640.512820512821,anger
42,2034.0,2045.0,35728.0,4749.23076923077,4680.512820512821,4008.717948717949,4080.0000000000014,4764.615384615386,4222.5641025641025,4258.974358974359,4680.000000000001,4538.461538461539,4415.384615384616,4137.4358974358975,4515.897435897437,4518.974358974359,4664.615384615386,anger
43,2043.0,2051.0,34463.0,4822.051282051281,4694.871794871796,4068.205128205129,4106.666666666667,4799.48717948718,4246.666666666667,4278.461538461539,4706.666666666667,4551.282051282052,4442.5641025641025,4187.179487179487,4485.128205128206,4526.153846153847,4682.051282051281,anger
44,2047.0,2044.0,34520.0,4825.128205128206,4685.128205128206,4048.205128205129,4086.153846153847,4785.641025641026,4233.846153846154,4249.2307692307695,4693.333333333334,4549.23076923077,4459.48717948718,4193.333333333334,4480.000000000001,4527.179487179488,4664.615384615386,anger
45,2047.0,2030.0,52774.0,4772.307692307693,4761.0256410256425,4087.6923076923076,4096.410256410257,4828.205128205129,4270.769230769231,4317.948717948719,4744.615384615386,4575.384615384616,4480.000000000001,4198.461538461539,4553.333333333334,4609.743589743591,4663.076923076924,anger
46,2073.0,2070.0,34494.0,4841.538461538462,4695.897435897437,4059.4871794871797,4081.538461538462,4790.256410256411,4245.641025641026,4269.74358974359,4710.769230769231,4558.461538461539,4458.461538461539,4174.871794871796,4525.128205128206,4535.897435897437,4692.307692307693,anger
47,2071.0,2059.0,52901.0,4794.3589743589755,4697.4358974358975,4062.564102564103,4102.051282051281,4784.102564102564,4229.74358974359,4294.871794871796,4705.128205128206,4558.974358974359,4427.6923076923085,4165.128205128206,4522.5641025641025,4540.512820512821,4662.5641025641025,anger
48,2028.0,2050.0,18123.0,4805.641025641026,4718.461538461539,4107.179487179487,4083.076923076924,4802.5641025641025,4266.153846153847,4316.410256410257,4743.076923076924,4582.5641025641025,4477.948717948719,4215.384615384616,4526.666666666667,4549.23076923077,4654.3589743589755,anger
49,2030.0,2047.0,18348.0,4767.179487179488,4705.641025641026,4063.076923076924,4077.9487179487187,4776.923076923077,4243.589743589744,4276.410256410257,4711.282051282052,4552.820512820514,4453.846153846154,4194.3589743589755,4503.589743589744,4528.717948717949,4649.23076923077,anger
50,2034.0,2044.0,18432.0,4771.794871794872,4713.333333333334,4065.1282051282055,4084.615384615385,4791.794871794872,4269.74358974359,4292.307692307693,4722.5641025641025,4556.410256410257,4464.615384615385,4199.48717948718,4510.769230769231,4536.410256410257,4655.384615384616,anger
51,2037.0,2046.0,18007.0,4804.615384615386,4725.641025641026,4125.641025641026,4075.897435897437,4801.538461538462,4268.717948717949,4347.6923076923085,4755.897435897437,4592.820512820514,4465.641025641026,4228.205128205129,4556.923076923077,4562.051282051281,4614.3589743589755,anger
52,2027.0,2043.0,18353.0,4782.5641025641025,4713.846153846154,4064.615384615385,4088.717948717949,4794.871794871796,4266.666666666667,4294.871794871796,4729.23076923077,4570.769230769231,4464.102564102564,4208.717948717949,4516.410256410257,4546.153846153847,4650.769230769231,anger
53,2051.0,2058.0,34791.0,4777.4358974358975,4675.384615384616,4078.9743589743593,4082.051282051282,4771.282051282052,4265.128205128206,4283.589743589744,4703.076923076924,4377.4358974358975,4429.743589743591,4195.384615384616,4509.23076923077,4541.538461538462,4648.717948717949,anger
54,2041.0,2051.0,35004.0,4735.897435897437,4655.897435897437,4012.307692307693,4048.205128205129,4738.974358974359,4216.410256410257,4247.6923076923085,4676.410256410257,4524.102564102564,4389.743589743591,4139.48717948718,4463.076923076924,4486.153846153847,4642.051282051281,anger
55,2047.0,2061.0,52658.0,4771.794871794872,4701.0256410256425,4065.6410256410254,4088.205128205129,4773.333333333334,4256.410256410257,4278.974358974359,4723.076923076924,4520.512820512821,4438.974358974359,4191.794871794872,4509.23076923077,4552.820512820514,4647.179487179488,anger
56,2048.0,2057.0,34878.0,4736.923076923077,4663.589743589744,4052.8205128205127,4086.666666666667,4788.717948717949,4264.102564102564,4282.051282051281,4690.256410256411,4565.128205128206,4446.153846153847,4198.974358974359,4488.717948717949,4535.384615384616,4638.461538461539,anger
57,2063.0,2071.0,18060.0,4756.410256410257,4656.923076923077,4047.6923076923076,4068.717948717949,4763.076923076924,4224.102564102564,4257.948717948719,4695.384615384616,4533.846153846154,4431.282051282052,4158.461538461539,4482.051282051281,4472.820512820514,4642.051282051281,anger
58,2076.0,2091.0,18029.0,4772.307692307693,4673.333333333334,4047.6923076923076,4071.794871794873,4763.076923076924,4230.256410256411,4253.846153846154,4695.384615384616,4537.4358974358975,4445.641025641026,4174.871794871796,4484.102564102564,4491.282051282052,4651.794871794872,anger
59,2091.0,2096.0,18103.0,4766.666666666667,4685.128205128206,4052.8205128205127,4073.333333333334,4781.0256410256425,4245.128205128206,4262.051282051281,4704.615384615386,4560.512820512821,4435.897435897437,4193.333333333334,4488.717948717949,4511.282051282052,4645.641025641026,anger
60,2096.0,2123.0,19632.0,4810.769230769231,4654.3589743589755,4036.9230769230776,4105.128205128206,4736.923076923077,4271.794871794872,4228.717948717949,4651.282051282052,4551.794871794872,4448.717948717949,4189.2307692307695,4466.153846153847,4502.051282051281,4699.48717948718,anger
61,2095.0,2102.5,18047.0,4782.5641025641025,4696.410256410257,4063.589743589744,4073.8461538461534,4782.051282051281,4258.461538461539,4289.74358974359,4722.5641025641025,4536.923076923077,4480.512820512821,4170.769230769231,4517.948717948719,4525.641025641026,4650.769230769231,anger
62,1983.0,1991.0,18039.0,4872.820512820514,4702.5641025641025,4101.538461538462,4128.717948717949,4772.820512820514,4333.333333333334,4276.410256410257,4694.3589743589755,4588.205128205129,4463.589743589744,4232.820512820514,4549.23076923077,4542.051282051281,4746.666666666667,anger
63,2058.0,2070.0,34513.0,4741.538461538462,4670.256410256411,4073.333333333334,4050.2564102564106,4761.0256410256425,4226.153846153847,4245.128205128206,4683.076923076924,4524.102564102564,4431.282051282052,4149.2307692307695,4469.743589743591,4512.820512820514,4631.282051282052,anger
64,2068.0,2076.0,50746.0,,,,,,,,,,,,,,,anger
65,2056.0,2053.0,50582.0,4763.076923076924,4708.717948717949,4060.0000000000014,4061.538461538462,4756.923076923077,4232.820512820514,4252.307692307693,4690.769230769231,4587.179487179488,4432.307692307693,4155.384615384616,4474.871794871796,4489.743589743591,4676.923076923077,anger
66,2040.0,2046.0,51643.0,4781.0256410256425,4712.307692307693,4030.7692307692323,4071.282051282052,4780.000000000001,4232.820512820514,4259.48717948718,4714.871794871796,4531.794871794872,4460.000000000001,4160.512820512821,4492.307692307693,4509.23076923077,4672.820512820514,anger
67,2052.0,2066.0,51547.0,4767.179487179488,4686.666666666667,4043.589743589744,4066.666666666667,4782.051282051281,4229.74358974359,4254.871794871796,4718.974358974359,4532.820512820514,4456.923076923077,4161.538461538462,4487.6923076923085,4521.538461538462,4655.384615384616,anger
68,2037.0,2046.0,51029.0,4779.48717948718,4736.410256410257,4073.333333333334,4072.8205128205127,4797.4358974358975,4255.897435897437,4267.6923076923085,4727.179487179488,4586.153846153847,4518.461538461539,4212.820512820514,4549.23076923077,4523.589743589744,4666.666666666667,anger
69,2058.0,2063.0,51206.0,4738.461538461539,4670.256410256411,4015.897435897437,4063.076923076924,4753.846153846154,4244.615384615385,4248.205128205129,4702.5641025641025,4533.333333333334,4595.384615384616,4163.589743589744,4489.2307692307695,4457.4358974358975,4588.205128205129,anger
70,2049.0,2061.0,18627.0,,,,,,,,,,,,,,,anger
71,2055.0,2063.0,18653.0,4726.153846153847,4636.410256410257,4001.0256410256416,4035.897435897437,4746.153846153847,4204.615384615385,4246.153846153847,4662.051282051281,4606.666666666667,4407.179487179487,4146.153846153847,4457.4358974358975,4477.948717948719,4585.641025641026,anger
72,2051.0,2068.0,18401.0,,,,,,,,,,,,,,,anger
73,2142.0,2156.0,18219.0,,,,,,,,,,,,,,,anger
74,2111.0,2123.0,18402.0,,,,,,,,,,,,,,,anger
75,2087.0,2099.0,18280.0,,,,,,,,,,,,,,,anger
76,2071.0,2076.0,18632.0,4788.717948717949,4705.128205128206,4044.615384615385,4040.0000000000014,4813.333333333334,4244.102564102564,4270.256410256411,4691.282051282052,4508.717948717949,4440.000000000001,4123.076923076924,4549.23076923077,4437.4358974358975,4687.6923076923085,anger
77,2051.0,2058.0,18708.0,4765.641025641026,4683.589743589744,4050.7692307692323,4036.410256410257,4767.6923076923085,4246.153846153847,4282.5641025641025,4686.153846153847,4527.6923076923085,4427.6923076923085,4171.282051282052,4491.282051282052,4524.615384615385,4665.128205128206,anger
78,2044.0,2049.0,18877.0,4753.333333333334,4723.076923076924,4053.333333333334,4052.307692307693,4778.461538461539,4249.74358974359,4267.179487179487,4690.256410256411,4633.333333333334,4472.307692307693,4170.769230769231,4502.5641025641025,4527.179487179488,4666.153846153847,anger
79,2062.0,2066.0,18735.0,4779.48717948718,4689.743589743591,4045.1282051282055,4042.564102564103,4764.615384615386,4247.179487179487,4283.076923076924,4687.6923076923085,4453.333333333334,4442.051282051281,4192.820512820514,4497.4358974358975,4524.615384615385,4660.000000000001,anger
80,2028.0,2080.0,18615.0,4762.051282051281,4678.461538461539,4027.6923076923076,4064.102564102565,4845.128205128206,4274.871794871796,4272.820512820514,4710.769230769231,4516.410256410257,4410.256410256411,4124.102564102564,4477.4358974358975,4459.48717948718,4691.538461538462,anger
81,2055.0,2063.0,35156.0,4738.461538461539,4680.000000000001,4003.076923076924,4039.4871794871797,4701.0256410256425,4184.102564102564,4215.384615384616,4668.717948717949,4520.000000000001,4406.153846153847,4121.538461538462,4484.102564102564,4469.2307692307695,4652.307692307693,anger
82,2083.0,2096.0,35249.0,4688.717948717949,4632.820512820514,3954.871794871795,4006.666666666667,4705.641025641026,4140.000000000001,4193.333333333334,4671.282051282052,4483.589743589744,4409.2307692307695,4104.615384615385,4430.256410256411,4416.410256410257,4609.23076923077,anger
83,2067.0,2089.0,35104.0,4703.076923076924,4679.48717948718,4035.384615384616,4025.6410256410254,4695.384615384616,4220.000000000001,4249.2307692307695,4610.256410256411,4515.897435897437,4340.000000000001,4029.7435897435907,4365.641025641026,4380.512820512821,4561.538461538462,anger
84,2102.0,2111.0,35347.0,4748.717948717949,4668.205128205129,4077.9487179487187,4065.6410256410254,4711.282051282052,4236.923076923077,4252.307692307693,4635.897435897437,4540.000000000001,4378.974358974359,4096.923076923077,4463.076923076924,4427.179487179487,4619.48717948718,anger
85,2032.0,2039.0,50615.0,4802.5641025641025,4623.076923076924,4000.0000000000014,4018.9743589743593,4688.717948717949,4184.615384615385,4157.4358974358975,4641.538461538462,4491.794871794872,4387.6923076923085,4108.205128205129,4425.641025641026,4423.076923076924,4647.6923076923085,anger
86,2098.0,2081.0,18415.0,4696.410256410257,4620.512820512821,3984.102564102565,3978.9743589743593,4677.948717948719,4175.897435897437,4174.871794871796,4640.512820512821,4563.589743589744,4433.333333333334,4139.48717948718,4428.205128205129,4536.410256410257,4607.179487179488,anger
87,2048.0,2061.0,18502.0,4757.948717948719,4674.871794871796,4042.564102564103,4035.897435897437,4747.6923076923085,4215.897435897437,4227.179487179487,4690.769230769231,4548.717948717949,4453.846153846154,4161.538461538462,4466.666666666667,4497.4358974358975,4653.333333333334,anger
88,2056.0,2069.0,18484.0,4751.794871794872,4672.820512820514,4016.9230769230776,4042.051282051282,4730.256410256411,4228.205128205129,4234.3589743589755,4677.948717948719,4556.410256410257,4429.743589743591,4164.615384615385,4474.3589743589755,4522.5641025641025,4691.282051282052,anger
89,2033.0,2052.0,51655.0,4778.974358974359,4662.051282051281,4040.0000000000014,4059.4871794871797,4751.282051282052,4239.48717948718,4277.4358974358975,4683.076923076924,4541.538461538462,4429.743589743591,4175.897435897437,4478.461538461539,4534.3589743589755,4644.615384615385,anger
90,2034.0,2052.0,51561.0,4777.948717948719,4689.743589743591,4051.794871794873,4077.435897435898,4761.538461538462,4246.153846153847,4296.410256410257,4701.538461538462,4539.48717948718,4560.000000000001,4186.153846153847,4490.256410256411,4572.820512820514,4670.769230769231,anger
91,2034.0,2054.0,51414.0,4786.666666666667,4689.23076923077,4046.153846153847,4070.7692307692323,4761.538461538462,4248.717948717949,4323.589743589744,4706.153846153847,4541.538461538462,4595.897435897437,4197.4358974358975,4503.589743589744,4561.538461538462,4661.538461538462,anger
92,2042.0,2058.0,51636.0,4710.769230769231,4613.846153846154,3911.794871794873,3990.2564102564106,4686.666666666667,4222.051282051281,4089.7435897435907,4634.3589743589755,4428.205128205129,4235.384615384616,4126.666666666667,4445.641025641026,4461.538461538462,4564.615384615385,anger
93,2048.0,2067.0,51782.0,4724.615384615386,4642.051282051281,3927.1794871794878,3993.333333333334,4701.0256410256425,4216.923076923077,4113.333333333334,4660.000000000001,4452.307692307693,4364.615384615385,4120.512820512821,4428.717948717949,4477.948717948719,4565.128205128206,anger
94,2037.0,2057.0,51940.0,4715.897435897437,4615.384615384616,3964.102564102565,3993.333333333334,4700.512820512821,4210.256410256411,4136.923076923077,4677.4358974358975,4461.0256410256425,4359.48717948718,4152.820512820514,4447.179487179487,4468.717948717949,4575.384615384616,anger
95,2037.0,2054.0,51427.0,4770.769230769231,4675.897435897437,4038.4615384615386,4036.9230769230776,4747.6923076923085,4236.923076923077,4271.794871794872,4687.179487179488,4502.5641025641025,4471.282051282052,4188.717948717949,4476.923076923077,4511.282051282052,4637.4358974358975,anger
96,2039.0,2055.0,51607.0,4793.333333333334,4670.769230769231,4020.5128205128212,4082.564102564103,4749.23076923077,4205.641025641026,4214.871794871796,4712.820512820514,4509.23076923077,4396.923076923077,4183.589743589744,4491.794871794872,4550.256410256411,4671.794871794872,anger
97,2071.0,2085.0,34580.0,4703.589743589744,4673.846153846154,4066.153846153847,3875.897435897437,4746.666666666667,4236.923076923077,4301.538461538462,4726.666666666667,4566.666666666667,4447.179487179487,4183.076923076924,4510.256410256411,4515.897435897437,4676.923076923077,anger
98,2060.0,2076.0,34894.0,4735.897435897437,4662.051282051281,4036.410256410257,4018.4615384615386,4749.23076923077,4236.923076923077,4249.74358974359,4692.820512820514,4535.384615384616,4414.3589743589755,4168.205128205129,4480.000000000001,4487.6923076923085,4603.589743589744,anger
99,2087.0,2096.0,34508.0,4851.794871794872,4666.666666666667,3954.871794871795,4115.384615384616,4706.666666666667,4197.4358974358975,4187.6923076923085,4617.948717948719,4521.538461538462,4315.897435897437,4089.2307692307704,4435.384615384616,4390.769230769231,4684.102564102564,anger
100,2062.0,2064.0,35185.0,4722.5641025641025,4651.794871794872,4049.2307692307704,4076.9230769230776,4752.307692307693,4226.666666666667,4286.153846153847,4708.717948717949,4562.5641025641025,4489.743589743591,4191.282051282052,4511.282051282052,4555.897435897437,4689.743589743591,anger
101,2073.0,2069.0,34986.0,4768.717948717949,4678.974358974359,4051.282051282052,4085.1282051282055,4763.589743589744,4239.48717948718,4295.897435897437,4713.333333333334,4563.076923076924,4484.615384615385,4221.538461538462,4494.871794871796,4557.948717948719,4676.923076923077,anger
102,2066.0,2065.0,34857.0,4730.256410256411,4597.4358974358975,4078.4615384615386,4090.7692307692323,4749.23076923077,4232.307692307693,4356.923076923077,4778.461538461539,4635.897435897437,4584.615384615385,4286.410256410257,4531.538461538462,4570.256410256411,4764.102564102564,anger
103,2056.0,2052.0,34856.0,4715.897435897437,4594.3589743589755,4085.6410256410254,4077.435897435898,4747.179487179488,4230.769230769231,4343.589743589744,4751.282051282052,4620.512820512821,4554.871794871796,4247.6923076923085,4551.794871794872,4631.282051282052,4787.179487179488,anger
104,2062.0,2068.0,35079.0,4760.000000000001,4655.384615384616,4066.153846153847,4079.4871794871797,4756.923076923077,4234.3589743589755,4306.666666666667,4728.717948717949,4580.512820512821,4508.717948717949,4217.4358974358975,4522.5641025641025,4553.333333333334,4692.307692307693,anger
105,2070.0,2071.0,34909.0,4703.076923076924,4586.666666666667,4076.410256410257,4087.1794871794878,4735.384615384616,4216.410256410257,4298.461538461539,4768.717948717949,4628.205128205129,4572.820512820514,4267.179487179487,4556.410256410257,4623.589743589744,4796.410256410257,anger
106,2065.0,2079.0,18034.0,,,,,,,,,,,,,,,anger
107,2070.0,2083.0,35599.0,4708.717948717949,4627.6923076923085,3995.384615384616,4009.2307692307704,4714.3589743589755,4200.000000000001,4224.102564102564,4656.410256410257,4512.307692307693,4377.4358974358975,4122.5641025641025,4426.153846153847,4457.948717948719,4582.051282051281,anger
108,2074.0,2086.0,35291.0,4671.794871794872,4586.153846153847,3947.6923076923076,3971.282051282052,4672.820512820514,4164.615384615385,4182.051282051281,4615.384615384616,4446.666666666667,4336.410256410257,4067.1794871794878,4381.538461538462,4420.512820512821,4535.384615384616,anger
109,2076.0,2086.0,35126.0,4691.282051282052,4604.102564102564,3968.717948717949,3991.794871794873,4699.48717948718,4189.74358974359,4200.512820512821,4628.717948717949,4473.846153846154,4369.743589743591,4093.333333333334,4393.333333333334,4445.128205128206,4555.384615384616,anger
110,2045.0,2053.0,52448.0,4777.4358974358975,4677.948717948719,4045.6410256410254,4050.2564102564106,4755.897435897437,4230.769230769231,4256.923076923077,4717.948717948719,4540.512820512821,4453.846153846154,4167.6923076923085,4479.48717948718,4496.923076923077,4625.128205128206,anger
111,2063.0,2058.0,52145.0,4781.0256410256425,4682.051282051281,4040.5128205128212,4042.564102564103,4741.538461538462,4265.641025641026,4296.923076923077,4714.871794871796,4525.641025641026,4442.051282051281,4201.0256410256425,4507.6923076923085,4502.5641025641025,4637.948717948719,anger
112,2111.0,2112.0,36187.0,4762.5641025641025,4681.538461538462,4042.564102564103,4066.153846153847,4772.820512820514,4246.666666666667,4265.128205128206,4707.179487179488,4554.871794871796,4444.615384615385,4192.307692307693,4491.794871794872,4521.538461538462,4637.4358974358975,anger
113,2095.0,2088.0,35231.0,4762.051282051281,4670.256410256411,4035.897435897437,4068.205128205129,4784.102564102564,4243.076923076924,4237.4358974358975,4714.3589743589755,4593.846153846154,4479.48717948718,4207.179487179487,4506.153846153847,4521.0256410256425,4629.743589743591,anger
114,2088.0,2081.0,36051.0,4766.153846153847,4673.333333333334,4031.282051282052,4060.0000000000014,4766.666666666667,4242.051282051281,4246.153846153847,4700.000000000001,4551.282051282052,4442.051282051281,4187.179487179487,4485.128205128206,4513.846153846154,4628.205128205129,anger
115,2013.0,2018.0,17995.0,4555.897435897437,4635.384615384616,4045.1282051282055,4021.538461538462,4712.307692307693,4173.846153846154,4270.256410256411,4744.615384615386,4590.256410256411,4467.179487179487,4225.128205128206,4509.23076923077,4544.615384615385,4465.641025641026,anger
116,2057.0,2065.0,19863.0,4771.282051282052,4685.641025641026,4029.2307692307704,4044.102564102565,4757.4358974358975,4247.6923076923085,4286.153846153847,4707.179487179488,4515.897435897437,4434.871794871796,4189.2307692307695,4487.6923076923085,4520.000000000001,4645.641025641026,anger
117,2084.0,2083.0,19713.0,4769.743589743591,4680.512820512821,4029.2307692307704,4056.9230769230776,4752.820512820514,4259.48717948718,4275.384615384616,4698.461538461539,4507.179487179488,4428.205128205129,4180.512820512821,4477.4358974358975,4525.128205128206,4645.128205128206,anger
118,2069.0,2068.0,19532.0,4792.307692307693,4683.589743589744,4046.666666666667,4052.307692307693,4745.641025641026,4254.871794871796,4286.153846153847,4690.256410256411,4545.641025641026,4445.641025641026,4179.48717948718,4491.282051282052,4540.000000000001,4662.5641025641025,anger
119,2079.0,2073.0,19661.0,4777.4358974358975,4690.769230769231,4033.8461538461534,4062.564102564103,4763.076923076924,4262.5641025641025,4290.769230769231,4704.102564102564,4492.820512820514,4431.282051282052,4191.794871794872,4495.384615384616,4523.076923076924,4659.48717948718,anger
120,2069.0,2074.0,19497.0,4780.512820512821,4683.589743589744,4037.435897435898,4051.282051282052,4756.410256410257,4246.666666666667,4277.4358974358975,4700.512820512821,4533.846153846154,4438.461538461539,4172.820512820514,4479.48717948718,4530.256410256411,4653.333333333334,anger
121,2065.0,2061.0,18004.0,4790.256410256411,4701.538461538462,4054.358974358975,4076.410256410257,4781.538461538462,4262.051282051281,4270.256410256411,4702.5641025641025,4534.871794871796,4443.589743589744,4189.2307692307695,4495.897435897437,4713.846153846154,4637.4358974358975,anger
122,2046.0,2048.0,35552.0,4856.923076923077,4708.717948717949,4050.7692307692323,4084.102564102565,4778.461538461539,4252.820512820514,4300.512820512821,4725.128205128206,4550.769230769231,4540.512820512821,4227.6923076923085,4517.948717948719,4402.051282051281,4606.666666666667,anger
123,2046.0,2049.0,35889.0,4861.0256410256425,4711.282051282052,4088.205128205129,4082.564102564103,4781.538461538462,4262.5641025641025,4282.5641025641025,4711.282051282052,4540.000000000001,4473.333333333334,4203.076923076924,4499.48717948718,4510.769230769231,4630.769230769231,anger
124,2050.0,2056.0,18114.0,4815.384615384616,4692.307692307693,4065.8974358974365,4062.564102564103,4766.666666666667,4249.2307692307695,4275.384615384616,4699.48717948718,4536.410256410257,4441.0256410256425,4177.4358974358975,4506.153846153847,4560.769230769232,4649.23076923077,anger
125,2040.0,2053.0,50869.0,4766.666666666667,4707.179487179488,4084.102564102565,4066.666666666667,4775.384615384616,4271.794871794872,4304.615384615385,4693.846153846154,4543.076923076924,4307.179487179487,4180.512820512821,4542.051282051281,4522.5641025641025,4669.23076923077,disgust
126,2055.0,2062.0,34757.0,4775.897435897437,4705.8974358974365,4091.794871794873,4044.615384615385,4813.846153846154,4247.6923076923085,4309.2307692307695,4743.076923076924,4570.256410256411,4460.000000000001,4172.820512820514,4522.051282051281,4521.538461538462,4648.717948717949,disgust
127,2057.0,2073.0,52047.0,4906.153846153847,4662.5641025641025,4065.6410256410254,4052.307692307693,4814.871794871796,4280.000000000001,4311.794871794872,4732.820512820514,4557.4358974358975,4429.2307692307695,4190.769230769231,4482.051282051281,4492.307692307693,4668.205128205129,disgust
128,2045.0,2053.0,50786.0,4796.410256410257,4636.410256410257,4043.076923076924,4037.9487179487182,4749.23076923077,4264.615384615385,4242.5641025641025,4669.23076923077,4490.256410256411,4406.153846153847,4163.076923076924,4480.512820512821,4494.871794871796,4694.3589743589755,disgust
129,,,18304.0,4764.102564102564,4695.897435897437,4035.384615384616,4076.9230769230776,4764.615384615386,4219.48717948718,4263.589743589744,4695.384615384616,4522.051282051281,4443.076923076924,4166.153846153847,4516.923076923077,4537.4358974358975,4660.512820512821,disgust
130,2062.0,2062.0,35768.0,4769.743589743591,4702.051282051281,4045.6410256410254,4077.435897435898,4762.051282051281,4222.051282051281,4250.256410256411,4699.48717948718,4521.538461538462,4434.3589743589755,4186.153846153847,4515.384615384616,4497.4358974358975,4654.3589743589755,disgust
131,,,18002.0,4755.897435897437,4703.076923076924,4031.794871794873,4058.4615384615386,4764.615384615386,4221.0256410256425,4261.538461538462,4702.5641025641025,4518.974358974359,4434.3589743589755,4126.666666666667,4533.333333333334,4514.871794871796,4662.051282051281,disgust
132,,,18251.0,4747.6923076923085,4674.3589743589755,4043.076923076924,4079.4871794871797,4749.743589743591,4229.74358974359,4263.589743589744,4695.897435897437,4536.410256410257,4428.717948717949,4154.871794871796,4473.846153846154,4509.743589743591,4640.512820512821,disgust
133,2035.0,2036.0,18639.0,4767.6923076923085,4690.256410256411,4055.897435897437,4088.205128205129,4771.282051282052,4249.2307692307695,4258.974358974359,4693.846153846154,4535.897435897437,4447.179487179487,4187.179487179487,4493.333333333334,4517.948717948719,4656.410256410257,disgust
134,2086.0,2103.0,19728.0,4794.871794871796,4652.820512820514,4026.666666666667,4088.717948717949,4745.641025641026,4263.076923076924,4233.846153846154,4654.871794871796,4556.410256410257,4439.48717948718,4183.589743589744,4463.589743589744,4510.256410256411,4676.923076923077,disgust
135,2055.0,2064.0,34476.0,4737.4358974358975,4676.410256410257,4033.8461538461534,4049.7435897435907,4749.743589743591,4240.000000000001,4247.6923076923085,4681.0256410256425,4515.384615384616,4431.794871794872,4165.128205128206,4463.589743589744,4503.076923076924,4609.23076923077,disgust
136,2040.0,2036.0,50363.0,4766.153846153847,4716.410256410257,4073.8461538461534,4068.717948717949,4757.948717948719,4243.589743589744,4263.589743589744,4652.307692307693,4461.538461538462,4293.846153846154,4137.4358974358975,4482.051282051281,4481.0256410256425,4702.051282051281,disgust
137,2077.0,2082.0,35668.0,4775.384615384616,4682.5641025641025,4040.5128205128212,4076.410256410257,4760.512820512821,4235.384615384616,4258.974358974359,4681.0256410256425,4538.461538461539,4426.153846153847,4165.128205128206,4474.871794871796,4506.153846153847,4634.871794871796,disgust
138,2062.0,2075.0,18471.0,4752.307692307693,4672.820512820514,4036.9230769230776,4041.0256410256416,4749.743589743591,4223.589743589744,4244.102564102564,4692.820512820514,4553.333333333334,4463.076923076924,4163.589743589744,4469.743589743591,4497.948717948719,4656.923076923077,disgust
139,2079.0,2090.0,36160.0,4740.512820512821,4691.794871794872,4045.6410256410254,4057.9487179487182,4755.897435897437,4233.846153846154,4279.48717948718,4702.051282051281,4545.641025641026,4447.179487179487,4190.256410256411,4487.6923076923085,4528.205128205129,4717.179487179487,disgust
140,2071.0,2082.0,17970.0,,,,,,,,,,,,,,,disgust
141,2052.0,2056.0,51776.0,4768.205128205129,4664.615384615386,4009.7435897435907,4036.9230769230776,4736.923076923077,4226.666666666667,4255.897435897437,4695.384615384616,4514.871794871796,4427.6923076923085,4183.076923076924,4462.051282051281,4494.3589743589755,4617.4358974358975,disgust
142,2059.0,2066.0,35203.0,4797.948717948719,4713.846153846154,4077.9487179487187,4097.948717948719,4777.4358974358975,4264.615384615385,4291.282051282052,4691.282051282052,4526.666666666667,4443.589743589744,4128.205128205129,4514.615384615386,4497.4358974358975,4652.820512820514,fear
143,2074.0,2080.0,34772.0,4809.743589743591,4707.6923076923085,4097.948717948719,4080.0000000000014,4776.923076923077,4276.410256410257,4321.538461538462,4691.282051282052,4552.820512820514,4449.743589743591,4169.2307692307695,4515.897435897437,4500.000000000001,4672.820512820514,fear
144,2036.0,2048.0,51244.0,4786.666666666667,4693.846153846154,4069.7435897435907,4087.6923076923076,4770.256410256411,4251.794871794872,4273.846153846154,4693.846153846154,4530.769230769231,4415.384615384616,4145.641025641026,4516.923076923077,4534.3589743589755,4666.153846153847,fear
145,2023.0,2036.0,51335.0,4786.153846153847,4711.282051282052,4058.9743589743593,4087.6923076923076,4769.743589743591,4256.923076923077,4263.076923076924,4697.948717948719,4531.794871794872,4424.102564102564,4166.666666666667,4523.589743589744,4554.871794871796,4695.897435897437,fear
146,2039.0,2051.0,51365.0,4788.717948717949,4698.461538461539,4060.0000000000014,4077.9487179487187,4767.6923076923085,4261.0256410256425,4268.205128205129,4691.794871794872,4528.717948717949,4410.769230769231,4164.615384615385,4513.846153846154,4511.282051282052,4662.5641025641025,fear
147,2093.0,2092.0,35574.0,4771.282051282052,4722.051282051281,4075.384615384616,4069.2307692307704,4717.948717948719,4300.000000000001,4273.846153846154,4718.461538461539,4544.102564102564,4404.102564102564,4170.256410256411,4536.410256410257,4524.102564102564,4672.307692307693,fear
148,2037.0,2033.0,35557.0,4664.615384615386,4665.384615384616,4051.282051282052,4078.9743589743593,4798.461538461539,4218.974358974359,4307.6923076923085,4705.128205128206,4553.076923076924,4462.5641025641025,4137.4358974358975,4491.794871794872,4494.102564102564,4563.076923076924,fear
149,2042.0,2051.0,34620.0,4698.974358974359,4662.051282051281,4040.0000000000014,4029.2307692307704,4741.538461538462,4247.6923076923085,4249.74358974359,4668.717948717949,4552.307692307693,4406.153846153847,4141.0256410256425,4476.410256410257,4482.5641025641025,4598.461538461539,fear
150,2038.0,2056.0,35008.0,4737.4358974358975,4641.0256410256425,4031.794871794873,4038.9743589743593,4764.102564102564,4245.641025641026,4262.051282051281,4687.179487179488,4506.666666666667,4420.000000000001,4160.512820512821,4511.282051282052,4486.153846153847,4629.743589743591,fear
151,2046.0,2054.0,50789.0,4741.538461538462,4654.871794871796,3936.9230769230776,3981.0256410256416,4725.641025641026,4184.102564102564,4223.589743589744,4657.4358974358975,4442.5641025641025,4333.846153846154,4102.5641025641025,4438.461538461539,4416.923076923077,4620.512820512821,fear
152,2071.0,2070.0,34678.0,4721.538461538462,4665.128205128206,4045.6410256410254,4061.0256410256416,4753.333333333334,4227.179487179487,4262.5641025641025,4702.5641025641025,4521.0256410256425,4429.743589743591,4136.923076923077,4473.333333333334,4501.0256410256425,4587.179487179488,fear
153,2047.0,2053.0,50858.0,4765.128205128206,4696.923076923077,4021.538461538462,4058.4615384615386,4785.641025641026,4160.000000000001,4264.102564102564,4698.461538461539,4567.6923076923085,4463.589743589744,4140.000000000001,4568.717948717949,4509.23076923077,4666.666666666667,fear
154,2063.0,2069.0,35764.0,4725.128205128206,4681.0256410256425,3994.871794871795,4059.4871794871797,4778.461538461539,4213.846153846154,4248.717948717949,4665.128205128206,4533.846153846154,4397.4358974358975,4074.871794871795,4506.666666666667,4523.589743589744,4642.051282051281,fear
155,2049.0,2062.0,34510.0,4745.641025641026,4688.205128205129,4072.8205128205127,4077.9487179487187,4811.282051282052,4261.0256410256425,4287.6923076923085,4718.974358974359,4562.051282051281,4427.6923076923085,4184.102564102564,4492.820512820514,4521.538461538462,4633.846153846154,fear
156,2062.0,2073.0,52811.0,4774.3589743589755,4711.282051282052,4074.358974358975,4070.2564102564106,4793.846153846154,4246.153846153847,4282.5641025641025,4727.179487179488,4562.5641025641025,4462.5641025641025,4179.48717948718,4548.205128205129,4560.000000000001,4668.717948717949,fear
157,2056.0,2066.0,52857.0,4777.948717948719,4702.051282051281,4057.435897435898,4082.051282051282,4783.076923076924,4243.589743589744,4271.794871794872,4708.717948717949,4554.871794871796,4455.384615384616,4166.153846153847,4526.666666666667,4545.128205128206,4647.6923076923085,fear
158,2035.0,2052.0,18440.0,4775.897435897437,4715.384615384616,4057.9487179487182,4097.4358974358975,4787.179487179488,4255.384615384616,4290.256410256411,4713.333333333334,4553.333333333334,4457.948717948719,4196.923076923077,4496.410256410257,4531.794871794872,4637.4358974358975,fear
159,2035.0,2047.0,18123.0,4789.743589743591,4737.4358974358975,4055.384615384616,4103.076923076924,4794.871794871796,4271.282051282052,4282.051282051281,4730.769230769231,4563.589743589744,4480.000000000001,4214.871794871796,4512.307692307693,4536.410256410257,4642.5641025641025,fear
160,2056.0,2061.0,34630.0,4814.3589743589755,4717.4358974358975,4148.205128205129,4121.0256410256425,4812.820512820514,4279.48717948718,4323.076923076924,4733.333333333334,4326.153846153847,4468.717948717949,4237.948717948719,4545.128205128206,4582.5641025641025,4694.871794871796,fear
161,2039.0,2050.0,34815.0,4808.717948717949,4715.384615384616,4127.179487179487,4111.282051282052,4806.666666666667,4280.512820512821,4305.128205128206,4735.384615384616,4436.410256410257,4472.307692307693,4228.717948717949,4533.333333333334,4580.000000000001,4687.179487179488,fear
162,2053.0,2069.0,34606.0,4763.076923076924,4681.0256410256425,4073.8461538461534,4083.589743589744,4778.461538461539,4251.282051282052,4290.256410256411,4718.461538461539,4548.717948717949,4439.48717948718,4189.74358974359,4521.0256410256425,4543.589743589744,4641.538461538462,fear
163,2039.0,2052.0,35027.0,4692.307692307693,4669.743589743591,4056.9230769230776,4074.358974358975,4778.974358974359,4251.794871794872,4263.589743589744,4687.6923076923085,4554.3589743589755,4433.333333333334,4164.615384615385,4506.153846153847,4535.897435897437,4749.23076923077,fear
164,2052.0,2052.0,18165.0,4765.128205128206,4688.205128205129,4046.666666666667,4084.102564102565,4764.102564102564,4194.871794871796,4251.282051282052,4690.769230769231,4543.076923076924,4425.128205128206,4165.641025641026,4478.461538461539,4467.179487179487,4609.23076923077,fear
165,2091.0,2098.0,18067.0,4794.871794871796,4712.820512820514,4078.9743589743593,4077.435897435898,4782.5641025641025,4263.589743589744,4268.205128205129,4710.769230769231,4677.4358974358975,4446.153846153847,4222.051282051281,4520.000000000001,4575.641025641027,4652.307692307693,fear
166,2084.0,2098.0,18923.0,4813.846153846154,4686.153846153847,4035.384615384616,4100.512820512821,4750.256410256411,4283.589743589744,4229.2307692307695,4658.974358974359,4545.641025641026,4411.282051282052,4165.128205128206,4466.153846153847,4506.666666666667,4677.948717948719,fear
167,2037.5,2048.0,18139.0,4790.769230769231,4731.794871794872,4065.6410256410254,4070.2564102564106,4785.128205128206,4265.128205128206,4296.923076923077,4728.205128205129,4547.6923076923085,4476.410256410257,4180.000000000001,4521.0256410256425,4541.538461538462,4662.051282051281,fear
168,2064.0,2071.0,51620.0,4753.333333333334,4716.923076923077,4044.102564102565,4071.794871794873,4780.000000000001,4232.307692307693,4264.102564102564,4704.615384615386,4551.282051282052,4434.3589743589755,4171.282051282052,4492.307692307693,4507.6923076923085,4656.410256410257,fear
169,2035.0,2043.0,18631.0,4667.6923076923085,4659.48717948718,4043.076923076924,4018.4615384615386,4749.743589743591,4210.769230769231,4233.846153846154,4659.48717948718,4553.846153846154,4390.256410256411,4139.48717948718,4487.179487179488,4492.307692307693,4624.102564102564,fear
170,2053.0,2069.0,18523.0,,,,,,,,,,,,,,,fear
171,2063.0,2072.0,18832.0,4761.538461538462,4703.076923076924,4045.6410256410254,4059.4871794871797,4779.48717948718,4244.102564102564,4273.846153846154,4686.153846153847,4503.076923076924,4440.512820512821,4167.6923076923085,4506.666666666667,4521.538461538462,4668.205128205129,fear
172,2055.0,2065.0,18773.0,4765.128205128206,4693.333333333334,4061.538461538462,4058.4615384615386,4772.820512820514,4235.384615384616,4272.307692307693,4682.5641025641025,4557.4358974358975,4427.179487179487,4182.5641025641025,4503.076923076924,4530.256410256411,4661.0256410256425,fear
173,2018.0,2016.0,35332.0,4728.205128205129,4693.846153846154,4008.717948717949,4064.102564102565,4722.051282051281,4171.282051282052,4212.307692307693,4671.794871794872,4525.128205128206,4418.974358974359,4124.615384615385,4529.23076923077,4459.48717948718,4671.794871794872,fear
174,2036.0,2055.0,51589.0,4790.769230769231,4685.641025641026,4057.9487179487182,4066.666666666667,4763.076923076924,4256.923076923077,4277.948717948719,4692.307692307693,4537.948717948719,4484.102564102564,4200.000000000001,4494.3589743589755,4524.102564102564,4690.256410256411,fear
175,2037.0,2053.0,51404.0,4805.641025641026,4684.102564102564,4067.6923076923076,4070.2564102564106,4763.589743589744,4245.128205128206,4409.743589743591,4694.3589743589755,4534.3589743589755,4444.615384615385,4182.5641025641025,4489.2307692307695,4534.3589743589755,4677.4358974358975,fear
176,2088.0,2096.0,35206.0,4723.076923076924,4669.743589743591,4049.2307692307704,4010.7692307692323,4749.23076923077,4093.8461538461534,4267.6923076923085,4689.23076923077,4532.307692307693,4485.128205128206,4164.102564102564,4468.717948717949,4526.153846153847,4695.384615384616,fear
177,2042.0,2051.0,34943.0,4749.743589743591,4659.48717948718,4039.4871794871797,4070.7692307692323,4746.666666666667,4218.461538461539,4280.512820512821,4700.512820512821,4561.538461538462,4472.307692307693,4190.769230769231,4483.589743589744,4541.0256410256425,4658.974358974359,fear
178,2053.0,2059.0,34699.0,4764.615384615386,4660.512820512821,4053.333333333334,4074.358974358975,4750.769230769231,4235.384615384616,4296.410256410257,4714.3589743589755,4576.410256410257,4489.2307692307695,4206.666666666667,4504.615384615385,4557.4358974358975,4688.205128205129,fear
179,2075.0,2092.0,18052.0,,,,,,,,,,,,,,,fear
180,2080.0,2090.0,35026.0,4716.410256410257,4633.846153846154,3997.9487179487182,4017.435897435898,4721.538461538462,4215.897435897437,4221.538461538462,4653.846153846154,4503.076923076924,4392.820512820514,4093.8461538461534,4427.6923076923085,4475.384615384616,4575.897435897437,fear
181,2055.0,2060.0,52370.0,4750.256410256411,4660.000000000001,4002.564102564103,4033.333333333334,4734.3589743589755,4201.538461538462,4235.384615384616,4692.307692307693,4509.23076923077,4422.051282051281,4169.2307692307695,4446.666666666667,4478.974358974359,4611.794871794872,fear
182,2060.0,2063.0,52257.0,4773.333333333334,4672.820512820514,4034.871794871795,4046.666666666667,4751.794871794872,4238.974358974359,4261.0256410256425,4720.000000000001,4532.820512820514,4452.820512820514,4180.512820512821,4487.179487179488,4495.384615384616,4633.846153846154,fear
183,2038.0,2056.0,18029.0,4426.923076923077,4623.589743589744,4070.2564102564106,4021.538461538462,4727.179487179488,4191.794871794872,4286.153846153847,4737.4358974358975,4621.0256410256425,4458.461538461539,4196.410256410257,4530.769230769231,4527.179487179488,4267.6923076923085,fear
184,2070.0,2074.0,19569.0,4760.000000000001,4680.512820512821,4024.102564102565,4043.589743589744,4752.820512820514,4248.717948717949,4280.000000000001,4711.282051282052,4497.4358974358975,4425.128205128206,4182.051282051281,4483.076923076924,4507.179487179488,4644.615384615385,fear
185,2043.0,2049.0,18172.0,4781.538461538462,4686.666666666667,4060.5128205128212,4062.051282051282,4765.641025641026,4200.000000000001,4256.410256410257,4685.128205128206,4521.0256410256425,4413.333333333334,4168.205128205129,4472.307692307693,4510.769230769231,4653.846153846154,fear
186,2040.0,2052.0,34479.0,4750.256410256411,4669.23076923077,4057.435897435898,4055.897435897437,4782.051282051281,4247.6923076923085,4253.846153846154,4687.6923076923085,4531.794871794872,4422.051282051281,4164.615384615385,4472.820512820514,4478.461538461539,4636.923076923077,happiness
187,2042.0,2055.0,50723.0,4779.48717948718,4688.205128205129,4026.666666666667,4033.8461538461534,4782.5641025641025,4211.794871794872,4246.153846153847,4696.923076923077,4496.410256410257,4402.5641025641025,4146.153846153847,4480.000000000001,4484.615384615385,4669.743589743591,happiness
188,2046.0,2054.0,50819.0,4763.076923076924,4696.923076923077,4014.871794871795,4057.9487179487182,4775.384615384616,4180.512820512821,4244.102564102564,4693.846153846154,4536.410256410257,4445.641025641026,4135.897435897437,4523.076923076924,4489.743589743591,4650.256410256411,happiness
189,2027.0,2043.0,18197.0,4773.333333333334,4724.615384615386,4096.923076923077,4089.7435897435907,4791.282051282052,4273.846153846154,4309.2307692307695,4728.717948717949,4570.769230769231,4473.333333333334,4212.051282051283,4503.076923076924,4526.666666666667,4609.743589743591,happiness
190,2041.0,2054.0,18503.0,4784.615384615386,4698.974358974359,4066.153846153847,4075.897435897437,4773.333333333334,4240.512820512821,4256.923076923077,4698.461538461539,4542.5641025641025,4450.256410256411,4190.256410256411,4490.769230769231,4527.6923076923085,4640.512820512821,happiness
191,2058.0,2059.0,35366.0,4806.153846153847,4723.589743589744,4126.153846153847,4117.948717948719,4809.743589743591,4272.307692307693,4313.846153846154,4735.897435897437,4450.769230769231,4473.333333333334,4231.282051282052,4536.923076923077,4581.0256410256425,4680.512820512821,happiness
192,2043.0,2046.0,35068.0,4563.589743589744,4492.820512820514,4125.641025641026,4152.307692307693,4539.48717948718,4244.615384615385,4288.205128205129,4540.512820512821,4231.282051282052,4349.2307692307695,4228.205128205129,4429.2307692307695,4407.6923076923085,4572.307692307693,happiness
193,2031.0,2054.0,35000.0,4744.102564102564,4702.051282051281,4045.1282051282055,4065.6410256410254,4813.846153846154,4232.820512820514,4280.512820512821,4696.410256410257,4543.076923076924,4441.0256410256425,4178.461538461539,4500.000000000001,4555.897435897437,4640.000000000001,happiness
194,2048.0,2054.0,18269.0,4776.923076923077,4681.538461538462,4057.9487179487182,4073.8461538461534,4781.0256410256425,4245.641025641026,4261.538461538462,4697.948717948719,4568.205128205129,4437.4358974358975,4193.846153846154,4497.4358974358975,4515.384615384616,4635.384615384616,happiness
195,1973.0,1957.0,18608.0,4695.897435897437,4657.948717948719,3962.564102564103,4027.1794871794878,4823.076923076924,4171.282051282052,4277.948717948719,4701.538461538462,4493.333333333334,4517.948717948719,4109.74358974359,4466.666666666667,4460.512820512821,4587.179487179488,happiness
196,2045.0,2053.0,52855.0,4756.410256410257,4691.282051282052,4038.9743589743593,4063.589743589744,4754.871794871796,4233.846153846154,4238.461538461539,4676.923076923077,4529.23076923077,4431.794871794872,4149.2307692307695,4486.666666666667,4470.256410256411,4625.641025641026,happiness
197,2044.0,2050.0,50723.0,4764.615384615386,4717.948717948719,4050.7692307692323,4064.615384615385,4752.307692307693,4233.333333333334,4258.974358974359,4704.102564102564,4552.820512820514,5038.461538461539,4173.333333333334,4481.538461538462,4478.461538461539,4744.102564102564,happiness
198,2049.0,2059.0,18207.0,4816.410256410257,4773.333333333334,4118.461538461539,4124.102564102564,4839.48717948718,4278.974358974359,4327.6923076923085,4740.000000000001,4668.717948717949,4423.076923076924,4256.923076923077,4595.897435897437,4593.846153846154,4734.3589743589755,happiness
199,2054.0,2060.0,18913.0,4793.333333333334,4718.461538461539,4055.384615384616,4053.333333333334,4779.48717948718,4248.205128205129,4282.051282051281,4691.794871794872,4510.256410256411,4444.102564102564,4177.4358974358975,4503.076923076924,4530.256410256411,4660.000000000001,happiness
200,2046.0,2058.0,35759.0,4727.6923076923085,4632.307692307693,4015.897435897437,4045.6410256410254,4734.871794871796,4204.102564102564,4252.307692307693,4669.743589743591,4496.923076923077,4424.102564102564,4121.538461538462,4464.615384615385,4424.102564102564,4610.769230769231,happiness
201,2090.0,2099.0,35476.0,4746.153846153847,4687.6923076923085,4082.564102564103,4076.410256410257,4707.179487179488,4231.282051282052,4253.333333333334,4630.256410256411,4541.0256410256425,4379.48717948718,4092.307692307693,4470.769230769231,4442.5641025641025,4631.794871794872,happiness
202,2047.0,2057.0,18441.0,4760.512820512821,4674.871794871796,4050.7692307692323,4043.589743589744,4760.512820512821,4242.5641025641025,4246.666666666667,4706.666666666667,4567.6923076923085,4479.48717948718,4172.820512820514,4481.538461538462,4510.769230769231,4662.051282051281,happiness
203,2040.0,2055.0,51369.0,4787.6923076923085,4665.128205128206,4040.0000000000014,4070.2564102564106,4751.282051282052,4251.794871794872,4250.256410256411,4688.205128205129,4520.512820512821,4423.589743589744,4197.948717948719,4487.6923076923085,4498.461538461539,4588.205128205129,happiness
204,2071.0,2083.0,18231.0,,,,,,,,,,,,,,,happiness
205,2058.0,2067.0,35483.0,4693.333333333334,4577.4358974358975,3978.4615384615386,3997.435897435898,4674.871794871796,4165.641025641026,4245.641025641026,4654.871794871796,4470.000000000001,4385.641025641026,4111.282051282052,4405.128205128206,4423.589743589744,4578.461538461539,happiness
206,2100.0,2100.0,35403.0,4701.0256410256425,4628.205128205129,4001.0256410256416,4012.8205128205127,4718.974358974359,4213.333333333334,4231.282051282052,4658.974358974359,4511.282051282052,4393.333333333334,4132.820512820514,4432.307692307693,4475.897435897437,4571.794871794872,happiness
207,2056.0,2058.0,52315.0,4782.5641025641025,4665.641025641026,4029.2307692307704,4035.897435897437,4746.666666666667,4231.794871794872,4264.102564102564,4748.717948717949,4578.974358974359,4485.128205128206,4200.512820512821,4473.333333333334,4498.974358974359,4621.0256410256425,happiness
208,2020.0,2007.0,35927.0,4698.461538461539,4643.589743589744,4023.076923076924,4052.8205128205127,4769.743589743591,4242.5641025641025,4267.179487179487,4701.0256410256425,4581.538461538462,4460.000000000001,4177.4358974358975,4464.615384615385,4504.615384615385,4563.076923076924,happiness
209,2139.0,2136.0,34845.0,4718.461538461539,4684.102564102564,4087.1794871794878,4082.051282051282,4784.102564102564,4283.589743589744,4277.4358974358975,4766.153846153847,4628.717948717949,4511.794871794872,4236.410256410257,4517.4358974358975,4555.384615384616,4617.948717948719,happiness
210,2032.0,2043.0,18356.0,4794.871794871796,4670.769230769231,4010.7692307692323,4041.538461538462,4749.23076923077,4218.974358974359,4237.4358974358975,4672.307692307693,4489.743589743591,4413.846153846154,4168.205128205129,4436.923076923077,4520.512820512821,4814.871794871796,happiness
211,2047.0,2059.0,35141.0,4807.179487179488,4712.307692307693,4074.871794871795,4094.358974358975,4781.538461538462,4269.2307692307695,4308.205128205129,4688.205128205129,4533.846153846154,4445.641025641026,4157.4358974358975,4514.871794871796,4500.512820512821,4643.076923076924,neutral
212,2064.0,2074.0,34793.0,4810.769230769231,4717.948717948719,4098.461538461539,4084.615384615385,4779.48717948718,4278.461538461539,4329.2307692307695,4689.743589743591,4521.538461538462,4453.846153846154,4195.897435897437,4522.051282051281,4512.307692307693,4663.076923076924,neutral
213,2043.0,2051.0,35739.0,4795.384615384616,4711.282051282052,4078.4615384615386,4088.205128205129,4781.0256410256425,4261.0256410256425,4281.538461538462,4691.282051282052,4512.820512820514,4444.102564102564,4201.538461538462,4517.4358974358975,4489.743589743591,4640.000000000001,neutral
214,2037.0,2049.0,51050.0,4783.589743589744,4700.000000000001,4063.589743589744,4076.410256410257,4768.205128205129,4251.282051282052,4286.666666666667,4687.6923076923085,4543.076923076924,4383.076923076924,4185.128205128206,4494.871794871796,4531.282051282052,4645.641025641026,neutral
215,2041.0,2046.0,35413.0,4694.3589743589755,4692.307692307693,4033.333333333334,4050.7692307692323,4750.256410256411,4232.820512820514,4263.076923076924,4686.666666666667,4537.948717948719,4421.538461538462,4153.846153846154,4487.179487179488,4511.282051282052,4640.000000000001,neutral
216,2045.0,2056.0,35041.0,4787.6923076923085,4685.128205128206,4045.6410256410254,4059.4871794871797,4760.512820512821,4234.3589743589755,4231.794871794872,4671.282051282052,4553.333333333334,4439.48717948718,4155.384615384616,4529.23076923077,4519.48717948718,4650.769230769231,neutral
217,2051.0,2053.0,35680.5,4709.743589743591,4682.5641025641025,4031.794871794873,4040.0000000000014,4748.717948717949,4247.6923076923085,4250.769230769231,4687.6923076923085,4537.4358974358975,4412.307692307693,4153.333333333334,4484.102564102564,4512.820512820514,4633.333333333334,neutral
218,2087.0,2084.0,35168.0,4740.000000000001,4673.333333333334,4057.435897435898,4058.9743589743593,4774.3589743589755,4184.615384615385,4218.461538461539,4634.3589743589755,4552.307692307693,4423.076923076924,4137.4358974358975,4568.205128205129,4523.076923076924,4646.666666666667,neutral
219,2086.0,2084.0,35221.0,4760.512820512821,4668.205128205129,4040.0000000000014,4051.282051282052,4766.666666666667,4244.615384615385,4242.5641025641025,4693.333333333334,4620.000000000001,4436.923076923077,4182.051282051281,4520.000000000001,4503.589743589744,4649.23076923077,neutral
220,2039.0,2049.0,35395.0,4717.948717948719,4683.589743589744,4037.435897435898,4028.205128205129,4747.6923076923085,4249.2307692307695,4253.846153846154,4690.769230769231,4585.641025641026,4423.076923076924,4150.256410256411,4492.307692307693,4518.461538461539,4634.3589743589755,neutral
221,2045.0,2070.0,17986.0,4788.205128205129,4751.794871794872,4071.282051282052,4071.794871794873,4780.000000000001,4248.205128205129,4235.897435897437,4687.6923076923085,4549.743589743591,4427.6923076923085,4185.128205128206,4521.538461538462,4555.384615384616,4732.820512820514,neutral
222,2041.0,2036.0,50715.0,4848.717948717949,4705.128205128206,4049.2307692307704,4060.0000000000014,4773.846153846154,4244.615384615385,4230.256410256411,4667.6923076923085,4498.461538461539,4425.128205128206,4200.000000000001,4518.461538461539,4522.051282051281,4682.051282051281,neutral
223,2054.0,2061.0,51046.0,4738.461538461539,4631.794871794872,4023.589743589744,3972.8205128205127,4741.0256410256425,4148.205128205129,4211.794871794872,4677.948717948719,4404.615384615385,4332.307692307693,4085.1282051282055,4432.307692307693,4412.307692307693,4660.512820512821,neutral
224,2039.0,2047.0,50698.0,4793.333333333334,4714.871794871796,4065.6410256410254,4062.564102564103,4787.6923076923085,4273.333333333334,4271.282051282052,4688.205128205129,4491.794871794872,4432.820512820514,4192.820512820514,4498.461538461539,4512.820512820514,4692.820512820514,neutral
225,2088.0,2092.0,34888.0,4754.3589743589755,4678.974358974359,4041.538461538462,4055.897435897437,4769.743589743591,4246.666666666667,4277.948717948719,4716.410256410257,4548.717948717949,4437.948717948719,4125.641025641026,4482.051282051281,4522.051282051281,4635.897435897437,neutral
226,2085.0,2084.0,35108.0,4794.3589743589755,4677.4358974358975,4045.6410256410254,4043.589743589744,4757.948717948719,4225.641025641026,4253.333333333334,4718.461538461539,4550.256410256411,4420.512820512821,4154.871794871796,4493.333333333334,4508.974358974359,4635.897435897437,neutral
227,2043.0,2050.0,51786.0,4762.5641025641025,4682.5641025641025,4026.153846153847,4035.384615384616,4756.923076923077,4198.974358974359,4240.512820512821,4708.717948717949,4527.179487179488,4453.846153846154,4163.589743589744,4505.128205128206,4510.769230769231,4644.615384615385,neutral
228,2044.0,2050.0,51620.0,4735.897435897437,4690.769230769231,4028.205128205129,4065.6410256410254,4764.615384615386,4212.307692307693,4249.74358974359,4758.461538461539,4528.205128205129,4470.769230769231,4169.2307692307695,4503.589743589744,4563.076923076924,4648.205128205129,neutral
229,2063.0,2070.0,17975.0,4767.179487179488,4705.641025641026,4060.5128205128212,4082.051282051282,4758.461538461539,4220.512820512821,4252.307692307693,4694.871794871796,4509.743589743591,4432.820512820514,4171.282051282052,4501.0256410256425,4506.153846153847,4674.3589743589755,neutral
230,,,18090.0,4770.256410256411,4693.076923076924,4041.538461538462,4061.538461538462,4756.923076923077,4219.48717948718,4263.589743589744,4698.974358974359,4523.076923076924,4454.3589743589755,4166.666666666667,4516.410256410257,4523.076923076924,4669.743589743591,neutral
231,2079.0,2095.0,34957.0,4775.384615384616,4710.769230769231,4034.358974358975,4080.5128205128212,4771.282051282052,4240.512820512821,4267.179487179487,4693.846153846154,4526.666666666667,4443.589743589744,4180.512820512821,4505.128205128206,4558.461538461539,4667.179487179488,neutral
232,2059.0,2071.0,35280.0,4775.384615384616,4714.3589743589755,4036.410256410257,4077.435897435898,4760.000000000001,4235.897435897437,4265.128205128206,4692.307692307693,4530.769230769231,4437.948717948719,4178.461538461539,4489.743589743591,4538.461538461539,4676.410256410257,neutral
233,2034.0,2049.0,36036.0,4777.4358974358975,4695.897435897437,4031.794871794873,4083.333333333334,4766.666666666667,4221.538461538462,4264.102564102564,4695.384615384616,4542.5641025641025,4433.846153846154,4171.794871794872,4509.23076923077,4511.794871794872,4658.461538461539,neutral
234,2050.0,2066.0,35413.0,4824.615384615386,4707.179487179488,4064.615384615385,4100.000000000001,4786.153846153847,4234.871794871796,4277.948717948719,4712.307692307693,4570.256410256411,4462.051282051281,4185.128205128206,4524.615384615385,4535.897435897437,4662.5641025641025,neutral
235,2050.0,2056.0,35604.0,4700.512820512821,4714.3589743589755,4030.2564102564106,4080.0000000000014,4764.615384615386,4232.820512820514,4263.589743589744,4694.3589743589755,4553.333333333334,4447.179487179487,4155.897435897437,4502.5641025641025,4541.538461538462,4627.6923076923085,neutral
236,2064.0,2061.0,35087.0,4803.589743589744,4702.5641025641025,4062.051282051282,4084.615384615385,4777.4358974358975,4227.6923076923085,4267.179487179487,4703.589743589744,4597.4358974358975,4457.4358974358975,4178.461538461539,4509.23076923077,4547.6923076923085,4651.794871794872,neutral
237,2047.0,2053.0,35882.0,4688.205128205129,4675.384615384616,4027.1794871794878,4045.6410256410254,4758.974358974359,4215.384615384616,4252.820512820514,4691.794871794872,4551.282051282052,4428.205128205129,4147.6923076923085,4505.641025641026,4512.307692307693,4580.512820512821,neutral
238,2056.0,2061.0,35202.0,4824.615384615386,4702.051282051281,4062.051282051282,4082.051282051282,4779.48717948718,4231.282051282052,4272.307692307693,4702.051282051281,4572.820512820514,4475.897435897437,4183.076923076924,4513.076923076924,4539.48717948718,4660.000000000001,neutral
239,2050.0,2038.0,35014.0,4799.48717948718,4703.589743589744,4063.076923076924,4073.8461538461534,4781.538461538462,4216.923076923077,4266.153846153847,4706.666666666667,4585.641025641026,4443.589743589744,4160.000000000001,4507.6923076923085,4541.0256410256425,4631.794871794872,neutral
240,2044.0,2055.0,35983.0,4771.282051282052,4705.128205128206,4047.6923076923076,4073.8461538461534,4764.102564102564,4227.6923076923085,4264.615384615385,4691.794871794872,4547.179487179488,4431.282051282052,4158.974358974359,4492.307692307693,4522.5641025641025,4652.307692307693,neutral
241,2039.0,2055.0,36063.0,4761.0256410256425,4707.6923076923085,4047.6923076923076,4102.5641025641025,4765.641025641026,4230.256410256411,4259.48717948718,4693.846153846154,4549.23076923077,4445.641025641026,4168.717948717949,4495.384615384616,4521.538461538462,4625.641025641026,neutral
242,2038.0,2047.0,52436.0,4845.641025641026,4706.153846153847,4057.435897435898,4117.4358974358975,4828.717948717949,4252.820512820514,4262.051282051281,4689.23076923077,4568.205128205129,4459.48717948718,4223.589743589744,4487.179487179488,4565.8974358974365,4738.461538461539,neutral
243,2050.0,2058.0,34522.0,4793.333333333334,4702.5641025641025,4064.615384615385,4088.717948717949,4786.153846153847,4253.846153846154,4289.2307692307695,4724.615384615386,4550.769230769231,4440.000000000001,4205.641025641026,4506.153846153847,4570.256410256411,4668.205128205129,neutral
244,2042.0,2031.0,34465.0,4790.769230769231,4685.641025641026,4041.538461538462,4090.2564102564106,4782.051282051281,4231.794871794872,4264.102564102564,4695.897435897437,4542.5641025641025,4458.974358974359,4168.205128205129,4502.5641025641025,4519.48717948718,4636.410256410257,neutral
245,2050.0,2067.0,52623.0,4807.179487179488,4710.769230769231,4059.4871794871797,4089.7435897435907,4791.794871794872,4248.205128205129,4264.102564102564,4717.948717948719,4564.102564102564,4459.48717948718,4181.0256410256425,4526.666666666667,4552.307692307693,4682.051282051281,neutral
246,2066.0,2078.0,52304.0,4771.282051282052,4744.615384615386,4089.7435897435907,4092.307692307693,4835.897435897437,4246.666666666667,4313.846153846154,4732.307692307693,4553.333333333334,4418.461538461539,4148.205128205129,4589.23076923077,4581.538461538462,4658.461538461539,neutral
247,2048.0,2051.0,34508.0,4744.102564102564,4712.307692307693,4062.564102564103,4092.8205128205127,4791.282051282052,4256.923076923077,4278.461538461539,4715.897435897437,4569.23076923077,4480.512820512821,4213.846153846154,4514.3589743589755,4567.179487179488,4670.256410256411,neutral
248,2079.0,2075.0,52595.0,4776.923076923077,4714.871794871796,4062.564102564103,4109.2307692307695,4806.666666666667,4231.282051282052,4295.897435897437,4721.538461538462,4554.871794871796,4445.641025641026,4183.076923076924,4542.051282051281,4557.4358974358975,4642.051282051281,neutral
249,2031.0,2040.0,18399.0,4776.410256410257,4710.769230769231,4076.9230769230776,4076.410256410257,4789.23076923077,4231.794871794872,4284.615384615385,4712.820512820514,4558.461538461539,4458.461538461539,4194.3589743589755,4497.948717948719,4528.205128205129,4643.589743589744,neutral
250,2027.0,2044.0,18411.0,4774.3589743589755,4712.307692307693,4072.8205128205127,4086.666666666667,4785.641025641026,4255.384615384616,4265.128205128206,4701.0256410256425,4542.051282051281,4450.000000000001,4201.538461538462,4503.589743589744,4527.6923076923085,4653.333333333334,neutral
251,2041.0,2047.0,34548.0,4807.6923076923085,4706.666666666667,4138.461538461539,4114.3589743589755,4803.589743589744,4260.000000000001,4296.923076923077,4732.820512820514,4495.384615384616,4470.769230769231,4229.74358974359,4535.384615384616,4562.5641025641025,4670.769230769231,neutral
252,2040.0,2047.0,34575.0,4696.410256410257,4594.3589743589755,4118.974358974359,4135.384615384616,4676.923076923077,4266.153846153847,4315.384615384616,4654.871794871796,4209.74358974359,4404.615384615385,4232.307692307693,4504.102564102564,4490.769230769231,4658.461538461539,neutral
253,2059.0,2063.0,34650.0,4788.717948717949,4712.820512820514,4094.871794871795,4102.051282051281,4786.153846153847,4256.410256410257,4293.333333333334,4720.512820512821,4533.846153846154,4459.48717948718,4208.717948717949,4522.5641025641025,4553.333333333334,4654.871794871796,neutral
254,2054.0,2056.0,34846.0,4565.641025641026,4499.48717948718,4107.6923076923085,4118.974358974359,4547.179487179488,4245.641025641026,4269.74358974359,4536.410256410257,4226.666666666667,4360.000000000001,4201.538461538462,4427.179487179487,4407.6923076923085,4556.410256410257,neutral
255,2053.0,2059.0,34679.0,4816.153846153848,4708.717948717949,4102.5641025641025,4095.897435897437,4806.153846153847,4268.717948717949,4293.333333333334,4742.051282051281,4514.871794871796,4469.743589743591,4230.256410256411,4551.794871794872,4566.666666666667,4672.820512820514,neutral
256,2043.0,2047.0,34704.0,4744.102564102564,4644.102564102564,4100.000000000001,4085.1282051282055,4720.000000000001,4262.051282051281,4286.153846153847,4684.102564102564,4212.307692307693,4420.512820512821,4200.512820512821,4505.641025641026,4510.256410256411,4668.205128205129,neutral
257,2019.0,2027.0,35257.0,4710.769230769231,4647.6923076923085,4009.2307692307704,4026.666666666667,4718.974358974359,4198.461538461539,4230.256410256411,4657.948717948719,4504.615384615385,4403.589743589744,4130.769230769231,4430.256410256411,4473.846153846154,4597.4358974358975,neutral
258,2069.0,2079.0,52628.5,4748.717948717949,4673.846153846154,4095.384615384616,4081.0256410256416,4770.769230769231,4250.512820512821,4281.0256410256425,4706.153846153847,4541.538461538462,4424.102564102564,4172.820512820514,4509.23076923077,4550.256410256411,4633.333333333334,neutral
259,2071.0,2085.0,18011.0,4754.871794871796,4682.5641025641025,4049.7435897435907,4072.307692307693,4767.6923076923085,4240.000000000001,4255.897435897437,4690.256410256411,4540.512820512821,4438.461538461539,4173.846153846154,4481.538461538462,4497.948717948719,4616.410256410257,neutral
260,2067.0,2079.0,35862.0,4802.051282051281,4687.6923076923085,4132.307692307693,4116.923076923077,4802.051282051281,4287.6923076923085,4293.846153846154,4728.205128205129,4693.846153846154,4455.384615384616,4244.615384615385,4571.794871794872,4550.769230769231,4658.461538461539,neutral
261,2073.0,2085.0,18027.0,4767.179487179488,4685.128205128206,4055.897435897437,4094.358974358975,4765.641025641026,4240.512820512821,4258.974358974359,4702.051282051281,4538.461538461539,4440.000000000001,4172.820512820514,4484.615384615385,4498.974358974359,4644.615384615385,neutral
262,2066.0,2077.0,18027.0,4772.820512820514,4681.0256410256425,4043.076923076924,4061.538461538462,4767.179487179488,4229.2307692307695,4256.923076923077,4704.102564102564,4546.153846153847,4426.666666666667,4176.410256410257,4476.410256410257,4497.4358974358975,4613.333333333334,neutral
263,2052.0,2061.0,34627.0,4767.6923076923085,4678.461538461539,4073.8461538461534,4071.794871794873,4763.589743589744,4235.897435897437,4266.666666666667,4704.102564102564,4540.512820512821,4455.897435897437,4173.846153846154,4489.743589743591,4517.948717948719,4633.846153846154,neutral
264,2054.0,2063.0,34592.0,4745.128205128206,4659.48717948718,4084.102564102565,4041.538461538462,4754.3589743589755,4222.051282051281,4245.128205128206,4682.051282051281,4523.076923076924,4427.179487179487,4149.2307692307695,4463.076923076924,4504.102564102564,4614.871794871796,neutral
265,2042.0,2039.0,50409.0,4754.3589743589755,4723.076923076924,4052.307692307693,4058.9743589743593,4755.897435897437,4235.897435897437,4254.3589743589755,4664.102564102564,4617.4358974358975,4524.102564102564,4150.256410256411,4480.512820512821,4514.3589743589755,4740.512820512821,neutral
266,2055.0,2070.0,18523.0,,,,,,,,,,,,,,,neutral
267,2117.0,2134.0,18240.0,,,,,,,,,,,,,,,neutral
268,2087.0,2105.0,17953.0,4985.128205128206,4997.948717948719,4221.538461538462,4233.846153846154,4955.897435897437,4387.179487179487,4457.4358974358975,4847.6923076923085,4784.102564102564,4492.820512820514,4414.3589743589755,4784.102564102564,4833.333333333334,4889.23076923077,neutral
269,2051.0,2062.0,18828.0,4782.051282051281,4706.153846153847,4056.9230769230776,4052.307692307693,4778.974358974359,4240.000000000001,4266.666666666667,4683.589743589744,4431.794871794872,4429.2307692307695,4180.000000000001,4495.384615384616,4524.102564102564,4667.6923076923085,neutral
270,2057.0,2064.0,18753.0,4767.179487179488,4694.871794871796,4045.1282051282055,4062.564102564103,4768.717948717949,4244.102564102564,4279.48717948718,4683.589743589744,4594.871794871796,4427.179487179487,4174.3589743589755,4498.974358974359,4521.538461538462,4662.051282051281,neutral
271,2061.0,2063.0,35826.0,4769.743589743591,4683.076923076924,4050.7692307692323,4075.897435897437,4768.717948717949,4236.923076923077,4264.102564102564,4685.641025641026,4534.3589743589755,4439.48717948718,4177.4358974358975,4490.769230769231,4513.846153846154,4644.102564102564,neutral
272,2049.0,2060.0,35692.0,4733.333333333334,4632.820512820514,4113.846153846154,4138.974358974359,4780.000000000001,4243.589743589744,4253.333333333334,4662.5641025641025,4515.897435897437,4445.128205128206,4210.256410256411,4544.102564102564,4478.974358974359,4636.923076923077,neutral
273,2144.0,2143.0,35179.0,4734.3589743589755,4669.23076923077,4062.051282051282,4052.8205128205127,4694.3589743589755,4231.282051282052,4258.461538461539,4637.4358974358975,4522.051282051281,4355.897435897437,4077.9487179487187,4442.5641025641025,4428.717948717949,4632.307692307693,neutral
274,2034.0,2042.0,50582.0,4766.666666666667,4580.512820512821,3913.8461538461534,3976.410256410257,4647.6923076923085,4137.948717948719,4141.538461538462,4621.538461538462,4495.897435897437,4392.307692307693,4111.794871794872,4425.641025641026,4440.000000000001,4735.128205128206,neutral
275,2036.0,2046.0,50545.0,4742.5641025641025,4612.307692307693,4005.1282051282055,4001.0256410256416,4677.948717948719,4168.717948717949,4347.6923076923085,4621.538461538462,4489.743589743591,4380.512820512821,4091.282051282052,4409.743589743591,4415.897435897437,4598.461538461539,neutral
276,2042.0,2048.0,50714.0,4755.897435897437,4564.615384615385,3943.076923076924,3958.4615384615386,4632.820512820514,4108.205128205129,4103.589743589744,4609.743589743591,4457.948717948719,4396.923076923077,4064.615384615385,4382.5641025641025,4361.0256410256425,4557.948717948719,neutral
277,2041.0,2047.0,50582.0,4765.641025641026,4611.794871794872,4003.589743589744,3992.8205128205127,4674.871794871796,4163.076923076924,4190.769230769231,4619.48717948718,4472.051282051283,4383.589743589744,4082.051282051282,4402.051282051281,4410.256410256411,4602.051282051281,neutral
278,2059.0,2050.0,51351.0,4733.846153846154,4515.384615384616,3894.358974358975,3941.0256410256416,4602.051282051281,4061.0256410256416,3931.282051282052,4648.717948717949,4515.897435897437,4461.538461538462,4125.641025641026,4431.794871794872,4392.307692307693,4576.410256410257,neutral
279,2047.0,2045.0,50663.0,4748.717948717949,4642.5641025641025,4020.0000000000014,4022.051282051282,4712.820512820514,4198.974358974359,4260.256410256411,4649.23076923077,4501.0256410256425,4394.871794871796,4094.871794871795,4412.307692307693,4430.256410256411,4618.974358974359,neutral
280,2102.0,2087.0,18425.0,4740.000000000001,4666.666666666667,4013.8461538461534,4045.6410256410254,4724.102564102564,4218.974358974359,4215.384615384616,4662.051282051281,4521.538461538462,4484.615384615385,4149.2307692307695,4461.0256410256425,4524.615384615385,4719.48717948718,neutral
281,2039.0,2055.0,51325.0,4788.717948717949,4681.0256410256425,4016.9230769230776,4064.102564102565,4742.051282051281,4245.641025641026,4249.74358974359,4675.384615384616,4492.820512820514,4411.794871794872,4154.871794871796,4487.6923076923085,4510.769230769231,4722.051282051281,neutral
282,2041.0,2053.0,51714.0,4769.743589743591,4650.256410256411,3977.9487179487182,4054.358974358975,4736.410256410257,4247.6923076923085,4234.871794871796,4685.128205128206,4495.897435897437,4410.256410256411,4200.000000000001,4488.717948717949,4520.000000000001,4619.48717948718,neutral
283,2041.0,2047.0,34719.0,4748.205128205129,4634.871794871796,4090.2564102564106,4081.0256410256416,4755.384615384616,4246.153846153847,4338.974358974359,4756.410256410257,4613.846153846154,4553.846153846154,4249.2307692307695,4542.5641025641025,4592.307692307693,4718.461538461539,neutral
284,2045.0,2051.0,35320.0,4767.179487179488,4614.3589743589755,4090.7692307692323,4064.102564102565,4749.23076923077,4232.820512820514,4327.179487179487,4752.307692307693,4611.794871794872,4560.000000000001,4250.769230769231,4538.461538461539,4610.256410256411,4765.128205128206,neutral
285,2035.0,2043.0,35725.0,4798.461538461539,4700.512820512821,4061.0256410256416,4091.282051282052,4718.461538461539,4214.3589743589755,4293.846153846154,4681.0256410256425,4525.641025641026,4427.6923076923085,4202.051282051281,4446.153846153847,4458.974358974359,4615.384615384616,neutral
286,2054.0,2061.0,35956.0,4719.48717948718,4641.0256410256425,4016.9230769230776,4024.102564102565,4729.23076923077,4210.769230769231,4261.538461538462,4677.4358974358975,4489.743589743591,4462.051282051281,4141.538461538462,4446.666666666667,4465.641025641026,4607.179487179488,neutral
287,2071.0,2075.0,35188.0,4693.846153846154,4608.717948717949,3983.076923076924,3995.897435897437,4698.461538461539,4196.410256410257,4196.923076923077,4642.5641025641025,4485.128205128206,4367.179487179487,4101.538461538462,4400.000000000001,4449.2307692307695,4564.615384615385,neutral
288,2069.0,2086.0,34801.0,4604.615384615385,4531.282051282052,3916.410256410257,3913.8461538461534,4615.384615384616,4122.5641025641025,4153.333333333334,4544.615384615385,4386.666666666667,4288.717948717949,4008.717948717949,4320.512820512821,4371.282051282052,4460.512820512821,neutral
289,2066.0,2063.0,35286.0,4695.897435897437,4617.4358974358975,3991.794871794873,4002.051282051282,4707.179487179488,4191.282051282052,4204.102564102564,4643.589743589744,4501.0256410256425,4378.974358974359,4112.307692307693,4418.461538461539,4459.48717948718,4571.282051282052,neutral
290,2069.0,2071.0,34990.0,4689.743589743591,4615.384615384616,3982.564102564103,4003.076923076924,4703.589743589744,4200.000000000001,4215.897435897437,4647.179487179488,4480.000000000001,4378.461538461539,4141.0256410256425,4426.666666666667,4457.4358974358975,4568.205128205129,neutral
291,2068.0,2062.0,51912.0,4756.923076923077,4648.717948717949,4032.307692307693,4020.5128205128212,4722.5641025641025,4243.589743589744,4241.538461538462,4705.128205128206,4536.923076923077,4446.666666666667,4205.641025641026,4456.410256410257,4473.333333333334,4684.615384615386,neutral
292,2039.0,2039.0,50544.0,4770.256410256411,4674.871794871796,4064.615384615385,4032.307692307693,4732.307692307693,4302.051282051281,4282.5641025641025,4695.897435897437,4540.512820512821,4449.743589743591,4211.282051282052,4546.666666666667,4484.615384615385,4654.871794871796,neutral
293,2114.5,2109.0,35562.0,4761.0256410256425,4666.410256410257,4036.410256410257,4063.589743589744,4776.923076923077,4244.615384615385,4246.153846153847,4709.743589743591,4571.794871794872,4465.128205128206,4199.48717948718,4494.871794871796,4510.769230769231,4640.000000000001,neutral
294,2103.0,2097.0,34999.0,4738.461538461539,4683.076923076924,4037.435897435898,4077.9487179487187,4802.051282051281,4265.641025641026,4254.871794871796,4735.897435897437,4624.615384615385,4502.5641025641025,4227.6923076923085,4520.000000000001,4517.4358974358975,4639.48717948718,neutral
295,2101.0,2100.0,36088.0,4762.5641025641025,4673.333333333334,4030.7692307692323,4054.358974358975,4760.000000000001,4237.948717948719,4250.256410256411,4696.923076923077,4544.615384615385,4437.948717948719,4189.74358974359,4479.48717948718,4502.5641025641025,4620.512820512821,neutral
296,2087.0,2087.0,35169.0,4795.384615384616,4683.076923076924,4044.102564102565,4068.717948717949,4769.743589743591,4243.076923076924,4248.717948717949,4724.615384615386,4578.461538461539,4467.179487179487,4207.179487179487,4519.48717948718,4550.256410256411,4647.179487179488,neutral
297,2015.0,2019.0,18423.0,4811.282051282052,4683.589743589744,3986.666666666667,4046.153846153847,4749.743589743591,4220.000000000001,4250.256410256411,4663.589743589744,4489.743589743591,4411.794871794872,4157.4358974358975,4462.051282051281,4499.48717948718,4752.820512820514,neutral
298,2091.0,2080.0,18270.0,4675.897435897437,4690.256410256411,4033.333333333334,4023.589743589744,4745.641025641026,4219.48717948718,4296.410256410257,4683.076923076924,4527.6923076923085,4426.666666666667,4156.923076923077,4465.641025641026,4497.948717948719,4646.666666666667,neutral
299,2047.0,2038.0,18291.0,4776.923076923077,4658.974358974359,4011.794871794873,4047.1794871794878,4748.205128205129,4220.512820512821,4256.923076923077,4673.333333333334,4495.897435897437,4409.743589743591,4147.6923076923085,4460.512820512821,4481.538461538462,4688.717948717949,neutral
300,2043.0,2045.0,18506.0,4846.153846153847,4680.512820512821,4016.410256410257,4053.333333333334,4741.0256410256425,4217.4358974358975,4244.615384615385,4678.461538461539,4494.871794871796,4398.974358974359,4141.0256410256425,4462.5641025641025,4495.384615384616,4813.846153846154,neutral
301,2052.0,2048.0,18347.0,4741.0256410256425,4651.282051282052,4007.1794871794878,4025.1282051282055,4752.307692307693,4230.256410256411,4252.564102564103,4678.974358974359,4489.743589743591,4411.282051282052,4164.102564102564,4473.846153846154,4494.3589743589755,4687.6923076923085,neutral
302,2024.0,2027.0,18379.0,4721.538461538462,4667.6923076923085,4041.0256410256416,4038.9743589743593,4747.6923076923085,4232.307692307693,4275.897435897437,4703.076923076924,4548.717948717949,4413.846153846154,4176.923076923077,4478.974358974359,4506.666666666667,4746.666666666667,neutral
303,2034.0,2035.0,18237.0,4750.256410256411,4705.641025641026,4024.615384615385,4031.282051282052,4749.743589743591,4221.538461538462,4278.974358974359,4684.615384615386,4515.384615384616,4429.743589743591,4182.5641025641025,4460.512820512821,4531.282051282052,4706.153846153847,neutral
304,2079.0,2079.0,19805.0,4768.717948717949,4682.051282051281,4027.1794871794878,4045.6410256410254,4752.820512820514,4245.128205128206,4271.282051282052,4710.256410256411,4520.512820512821,4427.6923076923085,4180.000000000001,4478.461538461539,4520.512820512821,4644.102564102564,neutral
305,2066.0,2066.0,19637.0,4777.4358974358975,4690.256410256411,4022.564102564103,4081.538461538462,4762.051282051281,4270.769230769231,4280.512820512821,4663.076923076924,4568.717948717949,4428.205128205129,4205.641025641026,4508.717948717949,4524.615384615385,4670.769230769231,neutral
306,2039.0,2043.0,18108.0,4814.871794871796,4695.897435897437,4076.410256410257,4065.1282051282055,4769.23076923077,4253.846153846154,4280.000000000001,4703.076923076924,4540.512820512821,4442.5641025641025,4183.076923076924,4488.717948717949,4595.897435897437,4658.461538461539,neutral
307,2049.0,2053.0,17968.0,4817.948717948719,4703.589743589744,4084.102564102565,4082.051282051282,4780.512820512821,4264.102564102564,4286.666666666667,4702.051282051281,4537.948717948719,4447.6923076923085,4185.128205128206,4485.128205128206,4507.179487179488,4649.23076923077,neutral
308,2044.0,2048.0,18163.0,4784.615384615386,4683.076923076924,4058.4615384615386,4064.615384615385,4762.5641025641025,4235.897435897437,4263.076923076924,4688.205128205129,4521.0256410256425,4424.102564102564,4167.6923076923085,4476.923076923077,4526.666666666667,4654.3589743589755,neutral
309,2048.0,2051.0,18022.0,4801.0256410256425,4694.871794871796,4075.384615384616,4067.1794871794878,4773.846153846154,4249.2307692307695,4274.871794871796,4702.5641025641025,4535.384615384616,4438.974358974359,4182.051282051281,4491.282051282052,4677.4358974358975,4655.384615384616,neutral
310,2035.0,2039.0,35887.0,4728.717948717949,4681.0256410256425,4043.076923076924,4059.4871794871797,4746.153846153847,4229.2307692307695,4274.871794871796,4720.000000000001,4589.23076923077,4422.5641025641025,4149.2307692307695,4493.846153846154,4504.615384615385,4633.333333333334,sadness
311,,,18050.0,4766.153846153847,4695.897435897437,4008.205128205129,4057.9487179487182,4761.538461538462,4207.179487179487,4262.5641025641025,4697.4358974358975,4525.128205128206,4435.384615384616,4190.769230769231,4513.333333333334,4516.923076923077,4659.48717948718,sadness
312,2045.0,2029.0,34460.0,4844.102564102564,4688.205128205129,4039.4871794871797,4094.358974358975,4771.282051282052,4231.282051282052,4273.333333333334,4704.615384615386,4572.820512820514,4437.948717948719,4181.0256410256425,4501.538461538462,4570.256410256411,4625.128205128206,sadness
313,2039.0,2055.0,18504.0,4786.666666666667,4717.948717948719,4065.1282051282055,4111.794871794872,4792.307692307693,4257.4358974358975,4294.871794871796,4732.307692307693,4564.615384615385,4473.846153846154,4196.410256410257,4502.051282051281,4531.282051282052,4591.282051282052,sadness
314,2055.0,2057.0,34904.0,4713.333333333334,4607.179487179488,4070.2564102564106,4103.076923076924,4745.128205128206,4260.000000000001,4279.48717948718,4669.23076923077,4215.128205128206,4433.333333333334,4231.794871794872,4482.5641025641025,4467.179487179487,4650.769230769231,sadness
315,2042.0,2056.0,18521.0,4695.897435897437,4634.871794871796,4013.8461538461534,4015.897435897437,4732.820512820514,4204.615384615385,4238.461538461539,4660.000000000001,4533.333333333334,4384.102564102564,4124.615384615385,4455.897435897437,4467.179487179487,4629.23076923077,sadness
316,2047.0,2057.0,18630.0,4731.794871794872,4674.3589743589755,4014.871794871795,4029.7435897435907,4746.153846153847,4223.076923076924,4235.384615384616,4660.512820512821,4569.743589743591,4398.974358974359,4151.282051282052,4483.076923076924,4506.666666666667,4642.051282051281,sadness
317,2058.0,2069.0,18782.0,4759.48717948718,4698.974358974359,4049.2307692307704,4061.0256410256416,4774.871794871796,4236.410256410257,4267.179487179487,4680.512820512821,4641.0256410256425,4433.846153846154,4184.102564102564,4493.846153846154,4521.538461538462,4658.461538461539,sadness
318,2053.0,2048.0,35899.0,4769.23076923077,4677.4358974358975,4037.9487179487182,4078.4615384615386,4762.051282051281,4237.4358974358975,4262.051282051281,4681.0256410256425,4506.666666666667,4461.0256410256425,4201.0256410256425,4496.923076923077,4452.820512820514,4661.0256410256425,sadness
319,2067.0,2075.0,18443.0,4745.128205128206,4662.051282051281,4009.2307692307704,4025.1282051282055,4732.307692307693,4222.5641025641025,4217.4358974358975,4672.820512820514,4513.846153846154,4410.769230769231,4149.74358974359,4460.000000000001,4491.794871794872,4652.307692307693,sadness
320,2085.0,2097.0,34553.0,4750.769230769231,4605.641025641026,4060.5128205128212,4120.512820512821,4741.538461538462,4216.923076923077,4246.153846153847,4789.743589743591,4657.4358974358975,4704.615384615386,4305.128205128206,4576.410256410257,4633.846153846154,4805.641025641026,sadness
321,2073.0,2081.0,36039.0,4766.153846153847,4724.615384615386,4025.1282051282055,4067.6923076923076,4748.205128205129,4231.282051282052,4278.974358974359,4687.6923076923085,4526.153846153847,4426.153846153847,4179.48717948718,4464.102564102564,4520.512820512821,4610.256410256411,sadness
322,2059.0,2064.0,18200.0,,,,,,,,,,,,,,,sadness
323,2061.0,2065.0,35817.0,4709.23076923077,4604.102564102564,4018.4615384615386,4017.9487179487182,4718.461538461539,4202.5641025641025,4257.4358974358975,4676.923076923077,4486.666666666667,4386.153846153847,4124.102564102564,4440.000000000001,4453.333333333334,4600.000000000001,sadness
324,2051.0,2059.0,36030.0,4733.333333333334,4640.000000000001,4020.0000000000014,4034.358974358975,4738.461538461539,4220.512820512821,4266.153846153847,4675.897435897437,4502.051282051281,4357.948717948719,4148.205128205129,4451.794871794872,4505.641025641026,4616.410256410257,sadness
325,2123.0,2109.0,35152.0,4744.102564102564,4677.948717948719,4047.6923076923076,4077.9487179487187,4790.769230769231,4249.74358974359,4244.615384615385,4725.641025641026,4611.794871794872,4502.051282051281,4204.102564102564,4523.589743589744,4531.794871794872,4632.820512820514,sadness
326,2073.0,2076.0,19495.0,4795.384615384616,4702.051282051281,4021.0256410256416,4084.102564102565,4762.5641025641025,4293.846153846154,4282.051282051281,4747.179487179488,4583.589743589744,4432.820512820514,4207.179487179487,4520.512820512821,4527.6923076923085,4683.076923076924,sadness
327,2046.0,2052.0,18353.0,4781.0256410256425,4680.000000000001,4046.666666666667,4057.9487179487182,4758.974358974359,4229.2307692307695,4254.871794871796,4683.589743589744,4512.820512820514,4413.846153846154,4168.205128205129,4464.615384615385,4486.666666666667,4645.641025641026,sadness
328,2036.0,2036.0,35826.0,4767.6923076923085,4690.256410256411,4066.153846153847,4084.102564102565,4771.282051282052,4247.6923076923085,4284.615384615385,4696.410256410257,4509.743589743591,4436.410256410257,4152.307692307693,4508.717948717949,4466.666666666667,4610.256410256411,surprise
329,2042.0,2048.0,35812.0,4718.974358974359,4686.666666666667,4030.2564102564106,4052.307692307693,4745.641025641026,4291.282051282052,4253.333333333334,4692.820512820514,4552.820512820514,4416.923076923077,4153.846153846154,4484.615384615385,4516.410256410257,4635.384615384616,surprise
330,2042.0,2037.0,34786.0,4574.871794871796,4636.410256410257,4018.4615384615386,3973.5897435897436,4741.538461538462,4205.128205128206,4213.846153846154,4662.5641025641025,4511.282051282052,4404.615384615385,4059.4871794871797,4461.0256410256425,4431.538461538462,4573.846153846154,surprise
331,2041.0,2052.0,52799.0,4743.589743589744,4605.641025641026,4026.666666666667,4100.512820512821,4807.6923076923085,4232.820512820514,4262.051282051281,4692.307692307693,4507.179487179488,4428.205128205129,4172.820512820514,4481.538461538462,4474.871794871796,4605.128205128206,surprise
332,2040.0,2050.0,51664.0,4758.461538461539,4693.846153846154,4023.589743589744,4055.897435897437,4765.128205128206,4200.512820512821,4246.666666666667,4736.410256410257,4526.153846153847,4443.589743589744,4141.538461538462,4506.153846153847,4519.48717948718,4654.3589743589755,surprise
333,2033.0,2034.0,35882.0,4783.589743589744,4727.179487179488,4023.589743589744,4067.1794871794878,4773.846153846154,4240.000000000001,4268.717948717949,4696.410256410257,4522.5641025641025,4442.051282051281,4180.512820512821,4487.179487179488,4542.5641025641025,4670.256410256411,surprise
334,2023.0,2025.0,35439.0,4634.871794871796,4643.076923076924,4024.615384615385,4033.333333333334,4729.743589743591,4213.846153846154,4242.051282051281,4663.076923076924,4494.871794871796,4402.5641025641025,4130.769230769231,4445.128205128206,4459.48717948718,4649.743589743591,surprise
335,2051.0,2051.0,19285.0,4710.256410256411,4677.948717948719,4032.8205128205127,4065.1282051282055,4765.641025641026,4209.2307692307695,4242.5641025641025,4688.717948717949,4527.6923076923085,4449.743589743591,4122.051282051281,4474.871794871796,4516.410256410257,4606.666666666667,surprise
336,2032.0,2033.0,50457.0,4761.0256410256425,4688.205128205129,4062.051282051282,4062.051282051282,4736.410256410257,4232.307692307693,4260.512820512821,4676.410256410257,4542.5641025641025,4309.2307692307695,4157.4358974358975,4472.307692307693,4624.102564102564,4722.820512820514,surprise
337,2016.0,2018.0,50884.0,,,,,,,,,,,,,,,surprise
338,2069.0,2079.0,18832.0,4753.333333333334,4713.333333333334,4049.2307692307704,4048.205128205129,4785.128205128206,4251.794871794872,4282.051282051281,4701.538461538462,4400.0,4434.871794871796,4165.641025641026,4512.820512820514,4567.6923076923085,4693.333333333334,surprise
339,2053.0,2060.0,18235.0,,,,,,,,,,,,,,,surprise
340,2053.0,2060.0,35982.0,4729.23076923077,4639.48717948718,4022.051282051282,4032.307692307693,4745.128205128206,4220.512820512821,4248.205128205129,4682.5641025641025,4501.538461538462,4426.666666666667,4149.74358974359,4458.461538461539,4504.102564102564,4621.794871794871,surprise
341,2068.0,2075.0,35432.0,4686.666666666667,4615.384615384616,3982.564102564103,4003.589743589744,4705.641025641026,4198.974358974359,4215.897435897437,4636.410256410257,4491.282051282052,4375.897435897437,4107.179487179487,4417.4358974358975,4458.974358974359,4584.102564102564,surprise
342,2036.0,2053.0,35280.0,4776.923076923077,4671.282051282052,4040.0000000000014,4045.6410256410254,4751.282051282052,4252.307692307693,4280.512820512821,4716.923076923077,4541.538461538462,4451.282051282052,4175.897435897437,4493.846153846154,4491.282051282052,4634.871794871796,surprise
343,2011.0,2037.0,18195.0,4412.820512820514,4645.128205128206,4036.9230769230776,4017.435897435898,4736.410256410257,4201.0256410256425,4277.948717948719,4720.000000000001,4598.461538461539,4431.282051282052,4181.538461538462,4487.6923076923085,4522.5641025641025,4423.589743589744,surprise
