,ECG_RA,ECG_LA,GSR,EEG,emotion
0,2044.0,2052.0,34996.0,4465.8974358974365,anger
1,2083.0,2065.0,35699.0,4461.0256410256425,anger
2,2045.0,2049.0,34669.0,4501.062271062272,anger
3,2103.0,2098.0,35073.0,4469.890109890111,anger
4,2043.0,2050.0,35331.0,4467.252747252748,anger
5,2027.0,2038.0,35491.0,4467.692307692308,anger
6,2091.0,2041.0,35812.0,4456.446886446888,anger
7,2037.0,2049.0,51252.0,4461.172161172161,anger
8,2036.0,2048.0,51746.0,4457.399267399269,anger
9,2038.0,2050.0,50911.0,4454.945054945057,anger
10,2039.0,2052.0,50856.0,4449.08424908425,anger
11,2034.0,2047.0,50891.0,4452.051282051283,anger
12,2038.0,2049.0,51200.0,4467.179487179487,anger
13,2036.0,2048.0,51225.0,4458.8278388278395,anger
14,2043.0,2051.0,35674.0,4439.89010989011,anger
15,2041.0,2050.0,35391.0,4447.142857142858,anger
16,2042.0,2051.0,35332.0,4445.128205128206,anger
17,2071.0,2077.0,36161.0,4446.959706959707,anger
18,2053.0,2068.0,35645.0,4470.000000000001,anger
19,2070.0,2083.0,36150.0,4474.322344322345,anger
20,2082.0,2078.0,36071.0,4437.582417582418,anger
21,2094.0,2108.0,17943.0,4464.798534798536,anger
22,2074.0,2069.0,18000.0,4449.70695970696,anger
23,2062.0,2064.0,35514.0,4466.666666666667,anger
24,2079.0,2076.0,17977.0,4454.139194139195,anger
25,2010.0,2024.0,35421.0,4424.468864468865,anger
26,2055.0,2056.0,52217.0,4564.4322344322345,anger
27,2047.5,2054.0,34647.0,4418.60805860806,anger
28,2037.0,2057.0,52395.0,4465.311355311356,anger
29,2048.0,2059.0,52076.0,4471.465201465202,anger
30,2044.0,2047.0,50707.0,4454.505494505495,anger
31,2041.0,2049.0,50720.0,4440.146520146521,anger
32,2040.0,2048.0,50701.0,4438.241758241758,anger
33,2077.0,2087.0,51446.0,4369.743589743591,anger
34,2042.0,2049.0,50710.0,4437.545787545789,anger
35,2039.0,2050.0,34530.0,4450.76923076923,anger
36,2045.0,2054.0,34492.0,4431.611721611723,anger
37,2031.0,2043.0,35037.0,4412.197802197802,anger
38,2042.0,2053.0,34445.0,4451.868131868132,anger
39,2051.0,2059.0,34504.0,4449.963369963371,anger
40,2039.0,2049.0,34457.0,4452.124542124543,anger
41,2045.0,2047.0,34590.0,4430.934065934067,anger
42,2043.0,2048.0,51836.0,4446.556776556776,anger
43,2044.0,2047.0,51791.0,4449.37728937729,anger
44,2043.0,2050.0,51786.0,4449.41391941392,anger
45,2044.0,2052.0,51067.0,4443.956043956044,anger
46,2045.0,2050.0,51591.0,4451.575091575092,anger
47,2040.0,2047.0,51745.0,4441.978021978023,anger
48,,,18023.0,4465.860805860807,anger
49,,,18074.0,4459.92673992674,anger
50,2070.0,2073.0,17954.0,4443.589743589745,anger
51,2041.0,2046.0,36048.0,4456.923076923077,anger
52,,,36061.0,4448.351648351649,anger
53,,,18183.0,4448.516483516484,anger
54,2074.0,2079.0,35095.0,4461.575091575091,anger
55,2055.5,2059.0,35022.0,4461.648351648352,anger
56,2084.0,2094.0,35395.0,4459.120879120879,anger
57,2075.0,2083.0,35022.0,4463.150183150184,anger
58,2097.0,2106.0,34947.0,4460.073260073261,anger
59,2074.0,2082.0,34857.0,4460.219780219782,anger
60,2054.0,2058.0,34912.0,4460.989010989012,anger
61,2045.0,2054.0,35659.0,4461.062271062272,anger
62,2066.0,2039.0,36083.0,4435.238095238095,anger
63,2032.0,2030.0,36035.0,4457.472527472528,anger
64,2043.0,2037.0,35048.0,4463.553113553114,anger
65,2044.0,2061.0,35794.0,4457.655677655678,anger
66,2046.0,2055.0,35347.0,4466.336996336997,anger
67,2060.0,2075.0,35204.0,4474.139194139195,anger
68,2053.0,2071.0,18070.0,4449.267399267401,anger
69,2065.0,2074.0,17949.0,4430.3663003663005,anger
70,2042.0,2051.0,18005.0,4448.021978021979,anger
71,2014.0,2023.0,18265.0,4448.79120879121,anger
72,2041.0,2047.0,18016.0,4444.945054945056,anger
73,2023.0,2039.0,18116.0,4445.934065934066,anger
74,2045.0,2050.0,36035.0,4436.849816849817,anger
75,2034.0,2045.0,35728.0,4445.384615384616,anger
76,2039.0,2048.0,34742.0,4467.802197802199,anger
77,2041.0,2051.0,52215.0,4485.311355311355,anger
78,2037.0,2052.0,34776.0,4465.457875457875,anger
79,2043.0,2051.0,34463.0,4471.245421245421,anger
80,2041.0,2048.0,34800.0,4458.717948717949,anger
81,2041.0,2051.0,52385.0,4476.666666666667,anger
82,2047.0,2044.0,34520.0,4462.8937728937735,anger
83,2047.0,2030.0,52774.0,4497.069597069598,anger
84,2067.0,2060.0,34497.0,4455.1648351648355,anger
85,2073.0,2070.0,34494.0,4474.285714285715,anger
86,2065.0,2073.0,52874.0,4455.457875457876,anger
87,2071.0,2059.0,52901.0,4467.692307692308,anger
88,2072.0,2075.0,34505.0,4476.336996336997,anger
89,2028.0,2050.0,18123.0,4489.19413919414,anger
90,2030.0,2047.0,18348.0,4464.615384615386,anger
91,2034.0,2044.0,18432.0,4473.882783882785,anger
92,2037.0,2046.0,18007.0,4494.688644688646,anger
93,2027.0,2043.0,18353.0,4478.0219780219795,anger
94,2054.0,2061.0,34479.0,4407.838827838828,anger
95,2051.0,2058.0,34791.0,4452.783882783884,anger
96,2040.0,2047.0,34996.0,4506.117216117217,anger
97,2041.0,2051.0,35004.0,4426.886446886447,anger
98,2055.0,2070.0,52516.0,4466.556776556778,anger
99,2055.0,2067.0,34784.0,4464.505494505495,anger
100,2036.0,2051.0,34887.0,4459.670329670329,anger
101,2047.0,2061.0,52658.0,4465.641025641026,anger
102,2048.0,2057.0,34878.0,4459.85347985348,anger
103,2063.0,2071.0,18060.0,4442.197802197803,anger
104,2088.0,2098.0,18423.0,4471.4285714285725,anger
105,2076.0,2091.0,18029.0,4449.487179487181,anger
106,2091.0,2096.0,18031.0,4447.399267399267,anger
107,2091.0,2096.0,18103.0,4457.582417582418,anger
108,2062.0,2076.0,18004.0,4455.311355311356,anger
109,2054.0,2061.0,19920.0,4443.003663003663,anger
110,2096.0,2123.0,19632.0,4453.809523809524,anger
111,2030.0,2057.0,18276.0,4486.556776556778,anger
112,2095.0,2102.5,18047.0,4467.985347985349,anger
113,2067.0,2090.0,19210.0,4456.813186813187,anger
114,1983.0,1991.0,18039.0,4500.3663003663005,anger
115,2058.0,2070.0,34513.0,4440.659340659342,anger
116,2032.0,2037.0,34506.0,4445.384615384616,anger
117,2055.0,2062.0,52976.0,4422.417582417583,anger
118,2043.0,2057.0,34635.0,4434.102564102564,anger
119,2052.0,2051.0,34433.0,4449.23076923077,anger
120,2052.0,2060.0,34466.0,4434.395604395605,anger
121,2068.0,2076.0,50746.0,,anger
122,2017.0,2020.0,50635.0,4481.318681318682,anger
123,2056.0,2053.0,50582.0,4453.040293040294,anger
124,2039.0,2041.0,50493.0,4458.058608058609,anger
125,2049.0,2044.0,50382.0,4471.794871794872,anger
126,2052.0,2048.0,50300.0,4396.0256410256425,anger
127,2040.0,2046.0,51643.0,4457.802197802199,anger
128,2040.0,2055.0,50952.0,4483.992673992675,anger
129,2052.0,2066.0,51547.0,4454.688644688645,anger
130,2053.0,2068.0,51439.0,4454.798534798536,anger
131,2058.0,2072.0,51615.0,4458.60805860806,anger
132,2037.0,2046.0,51029.0,4483.369963369964,anger
133,2058.0,2063.0,51206.0,4447.435897435898,anger
134,2062.0,2069.0,51125.0,,anger
135,2049.0,2061.0,18627.0,,anger
136,2042.0,2051.0,18767.0,4441.538461538462,anger
137,2048.0,2067.0,18739.0,,anger
138,2055.0,2063.0,18653.0,4424.249084249084,anger
139,2069.0,2086.0,18446.0,4416.043956043957,anger
140,2160.0,2170.0,18194.0,4502.673992673993,anger
141,2085.0,2096.0,17951.0,4608.772893772894,anger
142,2051.0,2068.0,18401.0,,anger
143,2142.0,2156.0,18219.0,,anger
144,2111.0,2123.0,18402.0,,anger
145,2093.0,2098.0,18312.0,,anger
146,2087.0,2099.0,18280.0,,anger
147,2071.0,2076.0,18632.0,4453.113553113553,anger
148,2051.0,2058.0,18708.0,4451.904761904762,anger
149,2061.0,2073.0,18794.0,4458.315018315018,anger
150,2044.0,2049.0,18877.0,4467.142857142858,anger
151,2062.0,2066.0,18735.0,4450.6959706959715,anger
152,2028.0,2080.0,18615.0,4451.080586080587,anger
153,2055.0,2063.0,35156.0,4420.25641025641,anger
154,2087.0,2094.0,35944.0,4440.402930402931,anger
155,2065.0,2074.0,35934.0,4424.249084249085,anger
156,2083.0,2096.0,35249.0,4389.04761904762,anger
157,2040.0,2045.0,36049.0,4449.230769230771,anger
158,2067.0,2089.0,35104.0,4386.556776556777,anger
159,2112.0,2131.0,35180.0,4411.611721611723,anger
160,2105.0,2109.0,34860.0,4380.512820512821,anger
161,2146.0,2157.0,35482.0,4432.197802197804,anger
162,2104.0,2125.0,35396.0,4439.2307692307695,anger
163,2102.0,2111.0,35347.0,4423.040293040293,anger
164,2074.0,2086.0,34692.0,4335.274725274726,anger
165,2126.0,2131.0,35219.0,4426.007326007327,anger
166,2091.0,2106.0,35336.0,4428.351648351649,anger
167,2032.0,2039.0,50615.0,4400.07326007326,anger
168,2034.0,2039.0,50751.0,4433.809523809525,anger
169,2039.0,2040.0,50465.0,4433.333333333334,anger
170,2099.0,2048.0,50968.0,4399.85347985348,anger
171,2039.0,2042.0,50513.0,4393.223443223444,anger
172,2065.0,2075.0,18449.0,4436.190476190476,anger
173,2098.0,2081.0,18415.0,4404.102564102564,anger
174,2048.0,2061.0,18502.0,4441.025641025642,anger
175,2093.0,2104.0,18438.0,4458.4249084249095,anger
176,2065.0,2072.0,18449.0,4366.520146520146,anger
177,2056.0,2069.0,18484.0,4442.380952380953,anger
178,2033.0,2052.0,51655.0,4449.743589743591,anger
179,2034.0,2052.0,51561.0,4473.003663003664,anger
180,2034.0,2054.0,51414.0,4478.168498168498,anger
181,2042.0,2058.0,51636.0,4365.824175824176,anger
182,2048.0,2067.0,51782.0,4384.835164835165,anger
183,2037.0,2057.0,51940.0,4391.318681318681,anger
184,2037.0,2054.0,51427.0,4446.703296703298,anger
185,2039.0,2055.0,51607.0,4446.666666666668,anger
186,2080.0,2090.0,34656.0,4405.457875457876,anger
187,2071.0,2085.0,34580.0,4445.091575091576,anger
188,2060.0,2076.0,34894.0,4433.6263736263745,anger
189,2039.0,2051.0,34970.0,4430.842490842491,anger
190,2048.0,2061.0,34611.0,4447.179487179488,anger
191,2087.0,2096.0,34508.0,4409.670329670331,anger
192,2090.0,2095.0,52650.0,4363.150183150184,anger
193,2076.0,2080.0,35286.0,4447.875457875459,anger
194,2070.0,2079.0,34718.0,4450.384615384617,anger
195,2062.0,2064.0,35185.0,4462.490842490844,anger
196,2073.0,2069.0,34986.0,4471.0989010989015,anger
197,2066.0,2065.0,34857.0,4499.047619047619,anger
198,2056.0,2052.0,34856.0,4495.677655677658,anger
199,2062.0,2068.0,35079.0,4475.8974358974365,anger
200,2070.0,2071.0,34909.0,4494.065934065935,anger
201,2068.0,2074.0,34770.0,4493.040293040293,anger
202,2065.0,2079.0,18034.0,,anger
203,2056.0,2059.0,18098.0,,anger
204,2061.0,2070.0,36152.0,4467.692307692308,anger
205,2079.0,2085.0,35810.0,4461.978021978022,anger
206,2075.0,2090.0,17964.0,,anger
207,2051.0,2058.0,35965.0,4415.531135531136,anger
208,2060.0,2068.0,35961.0,4414.798534798536,anger
209,2030.0,2037.0,35884.0,4421.062271062272,anger
210,2042.0,2054.0,35895.0,4409.01098901099,anger
211,2058.0,2065.0,35911.0,4426.813186813188,anger
212,2070.0,2083.0,35599.0,4401.025641025642,anger
213,2064.0,2072.0,35203.0,4398.571428571429,anger
214,2074.0,2086.0,35291.0,4357.106227106227,anger
215,2088.0,2093.0,34814.0,4326.007326007326,anger
216,2076.0,2086.0,35126.0,4378.93772893773,anger
217,2049.0,2052.0,34732.0,4444.212454212456,anger
218,2052.0,2060.0,52287.0,4458.901098901099,anger
219,2056.0,2059.0,34543.0,4446.849816849818,anger
220,2061.0,2057.0,52282.0,4440.695970695972,anger
221,2045.0,2053.0,52448.0,4448.315018315018,anger
222,2053.0,2057.0,52315.0,4444.835164835166,anger
223,2063.0,2058.0,52145.0,4455.860805860806,anger
224,2111.0,2112.0,36187.0,4456.2271062271075,anger
225,2084.0,2085.0,36161.0,4442.527472527473,anger
226,2095.0,2088.0,35231.0,4460.915750915751,anger
227,2109.0,2093.0,35887.0,4456.703296703297,anger
228,2048.0,2064.0,35969.0,4446.483516483518,anger
229,2088.0,2081.0,36051.0,4449.52380952381,anger
230,2044.0,2036.0,18408.0,4442.967032967033,anger
231,2013.0,2018.0,17995.0,4425.787545787546,anger
232,2103.0,2067.0,18422.0,4446.739926739927,anger
233,1998.0,1996.0,18185.0,4422.967032967033,anger
234,2057.0,2065.0,19863.0,4451.575091575092,anger
235,2087.0,2087.0,19502.0,4458.608058608059,anger
236,2084.0,2083.0,19713.0,4449.010989010989,anger
237,2069.0,2068.0,19532.0,4458.315018315019,anger
238,2079.0,2073.0,19661.0,4455.641025641026,anger
239,2069.0,2074.0,19497.0,4453.003663003665,anger
240,2065.0,2061.0,18004.0,4475.274725274726,anger
241,2044.0,2047.0,36079.0,4465.054945054945,anger
242,2046.0,2048.0,35552.0,4471.648351648352,anger
243,2046.0,2049.0,35889.0,4474.175824175824,anger
244,2037.0,2039.0,18171.0,4455.054945054945,anger
245,2050.0,2056.0,18114.0,4464.139194139195,anger
246,2072.0,2073.0,35627.0,4461.282051282053,disgust
247,2069.0,2068.0,35564.0,4457.985347985349,disgust
248,2057.0,2056.0,34696.0,4474.871794871795,disgust
249,2040.0,2053.0,50869.0,4459.6336996336995,disgust
250,2039.0,2057.0,51261.0,4461.355311355312,disgust
251,2028.0,2041.0,50867.0,4455.897435897437,disgust
252,2075.0,2073.0,35289.0,4449.45054945055,disgust
253,2087.0,2094.0,17952.0,4452.8937728937735,disgust
254,2055.0,2062.0,34757.0,4473.388278388279,disgust
255,2057.0,2073.0,52047.0,4474.725274725276,disgust
256,2060.0,2046.0,34689.0,4482.600732600733,disgust
257,2043.0,2056.0,51902.0,4495.8974358974365,disgust
258,2027.0,2054.0,52349.0,4486.996336996337,disgust
259,2045.0,2053.0,50786.0,4440.622710622712,disgust
260,2042.0,2052.0,50736.0,4436.336996336997,disgust
261,2048.0,2048.0,52143.0,4442.454212454213,disgust
262,2046.0,2049.0,51615.0,4447.72893772894,disgust
263,2045.0,2051.0,51807.0,4451.465201465203,disgust
264,,,18304.0,4454.395604395605,disgust
265,2062.0,2062.0,35768.0,4452.710622710622,disgust
266,,,18002.0,4449.23076923077,disgust
267,,,18251.0,4444.835164835165,disgust
268,,,18022.0,4447.216117216118,disgust
269,2045.0,2058.0,18215.0,,disgust
270,2019.0,2032.0,18215.0,4438.205128205129,disgust
271,2046.0,2056.0,34539.0,4475.091575091576,disgust
272,2043.0,2052.0,34813.0,4476.959706959708,disgust
273,2041.0,2053.0,52234.0,4486.483516483518,disgust
274,2042.0,2052.0,52911.0,4470.842490842492,disgust
275,2036.0,2039.0,35176.0,4458.644688644689,disgust
276,2049.0,2054.0,35062.0,4473.791208791209,disgust
277,2043.0,2051.0,34902.0,4470.805860805861,disgust
278,2033.0,2044.0,34701.0,4492.820512820513,disgust
279,2035.0,2036.0,18639.0,4458.0952380952385,disgust
280,2059.0,2074.0,52305.0,4467.1611721611725,disgust
281,2073.0,2087.0,52477.0,4472.6373626373625,disgust
282,2075.0,2077.0,18081.0,4450.366300366301,disgust
283,2092.0,2102.0,18099.0,4448.937728937729,disgust
284,2086.0,2103.0,19728.0,4449.34065934066,disgust
285,2100.0,2117.0,18309.0,4439.9633699633705,disgust
286,2055.0,2064.0,34476.0,4436.007326007327,disgust
287,2044.0,2050.0,52865.0,4449.56043956044,disgust
288,2044.0,2045.0,50330.0,4417.380952380952,disgust
289,2037.0,2039.0,50420.0,4443.076923076923,disgust
290,2040.0,2036.0,50363.0,4435.750915750917,disgust
291,2047.0,2057.0,51124.0,4470.476190476192,disgust
292,2073.0,2079.0,51428.0,4457.179487179487,disgust
293,2045.0,2052.0,51409.0,4452.161172161172,disgust
294,2058.0,2068.0,51601.0,4458.058608058608,disgust
295,2085.0,2096.0,17951.0,4608.772893772894,disgust
296,2083.0,2090.0,18242.0,4513.076923076924,disgust
297,2065.0,2071.0,35577.0,4434.468864468865,disgust
298,2077.0,2082.0,35668.0,4446.886446886447,disgust
299,2099.0,2107.0,34994.0,4379.0293040293045,disgust
300,2091.0,2126.0,35586.0,4424.578754578755,disgust
301,2146.0,2157.0,35482.0,4432.197802197804,disgust
302,2100.0,2110.0,35264.5,4423.516483516483,disgust
303,2062.0,2075.0,18471.0,4444.139194139195,disgust
304,2059.0,2071.0,18374.0,4450.695970695971,disgust
305,2079.0,2097.0,18457.0,4448.186813186813,disgust
306,2048.0,2063.0,34556.5,4428.058608058609,disgust
307,2059.0,2064.0,35221.0,4441.135531135532,disgust
308,2067.0,2074.0,34914.0,4440.000000000001,disgust
309,2063.0,2076.0,34513.0,4414.542124542125,disgust
310,2047.0,2053.0,35065.0,4509.304029304029,disgust
311,2079.0,2090.0,36160.0,4458.809523809524,disgust
312,2071.0,2082.0,17970.0,,disgust
313,2014.5,2023.0,35769.0,4387.399267399268,disgust
314,2054.0,2057.0,51997.0,4432.454212454213,disgust
315,2052.0,2056.0,51776.0,4435.274725274727,disgust
316,2065.0,2070.0,19930.0,4451.465201465202,disgust
317,2041.0,2044.0,17993.0,4452.014652014654,disgust
318,2059.0,2066.0,35203.0,4462.545787545788,fear
319,2072.0,2073.0,35627.0,4461.282051282053,fear
320,2074.0,2080.0,34772.0,4473.003663003664,fear
321,2069.0,2068.0,35564.0,4457.985347985349,fear
322,2057.0,2056.0,34696.0,4474.871794871795,fear
323,2036.0,2048.0,51244.0,4459.78021978022,fear
324,2036.0,2048.0,51746.0,4457.399267399269,fear
325,2023.0,2036.0,51335.0,4466.336996336997,fear
326,2039.0,2051.0,51365.0,4457.545787545789,fear
327,2038.0,2050.0,51187.0,4456.593406593407,fear
328,2074.0,2082.0,35007.0,4434.139194139195,fear
329,2038.0,2049.0,35281.0,4447.765567765568,fear
330,2069.0,2080.0,17944.0,4450.10989010989,fear
331,2071.0,2080.0,35765.0,4465.201465201465,fear
332,2093.0,2092.0,35574.0,4464.249084249085,fear
333,2087.0,2094.0,17952.0,4452.8937728937735,fear
334,2086.0,2091.0,35860.0,4450.586080586081,fear
335,2037.0,2033.0,35557.0,4442.326007326008,fear
336,2042.0,2051.0,34620.0,4428.205128205128,fear
337,2038.0,2056.0,35008.0,4437.326007326008,fear
338,2046.0,2054.0,50789.0,4390.000000000001,fear
339,2027.0,2020.0,50738.0,4407.728937728939,fear
340,2045.0,2051.0,50747.0,4432.252747252748,fear
341,2050.0,2058.0,34590.0,4420.073260073261,fear
342,2086.0,2083.0,34672.0,4475.4945054945065,fear
343,2071.0,2070.0,34678.0,4434.871794871796,fear
344,2045.0,2049.0,34571.0,4440.989010989012,fear
345,2040.0,2050.0,52787.0,4451.391941391942,fear
346,2047.0,2053.0,50858.0,4454.725274725274,fear
347,2043.0,2050.0,51786.0,4449.41391941392,fear
348,2048.0,2048.0,52143.0,4442.454212454213,fear
349,2046.0,2049.0,51615.0,4447.72893772894,fear
350,2069.0,2071.0,34856.0,4453.040293040294,fear
351,2055.5,2059.0,35022.0,4461.648351648352,fear
352,2074.0,2080.0,34961.0,4463.772893772895,fear
353,2076.0,2085.0,35094.0,4457.619047619048,fear
354,2065.0,2070.0,35136.0,4460.146520146521,fear
355,2085.0,2096.0,35419.0,4431.575091575092,fear
356,2063.0,2069.0,35764.0,4431.794871794872,fear
357,2062.0,2076.0,36122.0,4445.384615384615,fear
358,2046.0,2056.0,34539.0,4475.091575091576,fear
359,2037.0,2052.0,34776.0,4465.457875457875,fear
360,2049.0,2062.0,34510.0,4463.260073260074,fear
361,2042.0,2052.0,52911.0,4470.842490842492,fear
362,2049.0,2054.0,35062.0,4473.791208791209,fear
363,2062.0,2073.0,52811.0,4475.824175824177,fear
364,2056.0,2066.0,52857.0,4465.897435897436,fear
365,2035.0,2052.0,18440.0,4469.04761904762,fear
366,2035.0,2047.0,18123.0,4479.59706959707,fear
367,2022.0,2043.0,17941.0,4520.586080586081,fear
368,2056.0,2061.0,34630.0,4486.080586080587,fear
369,2039.0,2050.0,34815.0,4487.728937728939,fear
370,2053.0,2069.0,34606.0,4466.007326007326,fear
371,2059.0,2074.0,52305.0,4467.1611721611725,fear
372,2039.0,2052.0,35027.0,4458.498168498169,fear
373,2073.0,2087.0,52477.0,4472.6373626373625,fear
374,2055.0,2071.0,34649.0,4461.465201465202,fear
375,2034.0,2042.0,34858.0,4462.161172161172,fear
376,2052.0,2052.0,18165.0,4440.989010989011,fear
377,2091.0,2098.0,18067.0,4484.487179487181,fear
378,2084.0,2098.0,18923.0,4452.197802197802,fear
379,2097.0,2116.0,19708.0,4452.326007326008,fear
380,2037.5,2048.0,18139.0,4475.8974358974365,fear
381,2100.0,2117.0,18309.0,4439.9633699633705,fear
382,2057.0,2062.0,34572.0,4422.289377289378,fear
383,2055.0,2062.0,52976.0,4422.417582417583,fear
384,2041.0,2049.0,34504.0,4445.018315018316,fear
385,2055.0,2063.0,34448.0,4455.860805860806,fear
386,2044.0,2045.0,50330.0,4417.380952380952,fear
387,2037.0,2039.0,50420.0,4443.076923076923,fear
388,2047.0,2057.0,51124.0,4470.476190476192,fear
389,2040.0,2055.0,50952.0,4483.992673992675,fear
390,2073.0,2079.0,51428.0,4457.179487179487,fear
391,2064.0,2071.0,51620.0,4455.750915750917,fear
392,2058.0,2068.0,51601.0,4458.058608058608,fear
393,2047.0,2054.0,18607.0,4423.626373626374,fear
394,2035.0,2043.0,18631.0,4423.553113553115,fear
395,2053.0,2069.0,18523.0,,fear
396,2080.0,2091.0,18031.0,4567.619047619048,fear
397,2095.0,2107.0,18211.0,4520.659340659341,fear
398,2105.0,2119.0,18049.0,4530.531135531136,fear
399,2063.0,2072.0,18832.0,4454.358974358975,fear
400,2055.0,2065.0,18773.0,4457.3626373626375,fear
401,2085.0,2094.0,18674.0,4470.10989010989,fear
402,2067.0,2068.0,35220.0,4424.322344322345,fear
403,2087.0,2094.0,35944.0,4440.402930402931,fear
404,2018.0,2016.0,35332.0,4428.681318681319,fear
405,2067.0,2072.0,35367.5,4441.904761904762,fear
406,2099.0,2107.0,34994.0,4379.0293040293045,fear
407,2091.0,2126.0,35586.0,4424.578754578755,fear
408,2100.0,2110.0,35264.5,4423.516483516483,fear
409,2043.0,2052.0,35320.0,4406.080586080587,fear
410,2034.0,2039.0,50751.0,4433.809523809525,fear
411,2038.0,2047.0,50556.0,4418.424908424909,fear
412,2051.0,2044.0,50903.0,4362.417582417582,fear
413,2076.0,2086.0,18443.0,4452.380952380953,fear
414,2067.0,2084.0,18414.0,4401.575091575092,fear
415,2079.0,2097.0,18457.0,4448.186813186813,fear
416,2036.0,2055.0,51589.0,4465.860805860807,fear
417,2050.0,2066.0,52368.0,4441.684981684983,fear
418,2037.0,2053.0,51404.0,4471.648351648352,fear
419,2053.0,2068.0,34446.0,4425.201465201465,fear
420,2088.0,2096.0,35206.0,4437.472527472527,fear
421,2067.0,2074.0,34914.0,4440.000000000001,fear
422,2042.0,2051.0,34943.0,4455.274725274726,fear
423,2053.0,2059.0,34699.0,4469.45054945055,fear
424,2075.0,2092.0,18052.0,,fear
425,2047.0,2050.0,35877.0,4441.611721611722,fear
426,2068.0,2086.0,18136.0,,fear
427,2057.0,2065.0,35816.0,4418.2234432234445,fear
428,2039.0,2046.0,35979.0,4429.34065934066,fear
429,2042.0,2053.0,35520.0,4406.776556776557,fear
430,2073.0,2079.0,35067.0,4336.263736263737,fear
431,2080.0,2090.0,35026.0,4403.369963369963,fear
432,2037.0,2070.0,34701.0,4342.930402930403,fear
433,2068.0,2074.0,34893.0,4362.527472527473,fear
434,2070.0,2093.0,35158.0,4341.153846153848,fear
435,2054.0,2057.0,51997.0,4432.454212454213,fear
436,2055.0,2060.0,52370.0,4424.835164835165,fear
437,2060.0,2063.0,52257.0,4448.717948717949,fear
438,2058.0,2063.0,34858.0,4437.362637362638,fear
439,2116.0,2113.0,35539.0,4457.032967032968,fear
440,2097.0,2099.0,35266.0,4458.79120879121,fear
441,2038.0,2056.0,18029.0,4406.172161172161,fear
442,2069.0,2063.0,18379.0,4452.014652014654,fear
443,2075.0,2076.0,19638.0,4453.956043956045,fear
444,2070.0,2074.0,19569.0,4445.750915750916,fear
445,2040.0,2044.0,17964.0,4472.234432234433,fear
446,2043.0,2049.0,18172.0,4445.531135531137,fear
447,2041.0,2044.0,17993.0,4452.014652014654,fear
448,2057.0,2056.0,34696.0,4474.871794871795,happiness
449,2044.0,2053.0,51151.0,4468.424908424909,happiness
450,2039.0,2057.0,51261.0,4461.355311355312,happiness
451,2028.0,2041.0,50867.0,4455.897435897437,happiness
452,2060.0,2063.0,35183.0,4432.307692307692,happiness
453,2041.0,2050.0,35154.0,4442.967032967033,happiness
454,2069.0,2080.0,17944.0,4450.10989010989,happiness
455,2040.0,2052.0,34479.0,4443.626373626374,happiness
456,2065.0,2063.0,50775.0,4500.805860805861,happiness
457,2042.0,2055.0,50723.0,4438.937728937729,happiness
458,2031.0,2040.0,50683.0,4487.344322344323,happiness
459,2031.0,2043.0,35037.0,4412.197802197802,happiness
460,2048.0,2048.0,52143.0,4442.454212454213,happiness
461,2046.0,2054.0,50819.0,4443.406593406594,happiness
462,2047.0,2056.0,51425.0,4445.054945054946,happiness
463,2044.0,2050.0,51952.0,4440.402930402932,happiness
464,2026.0,2028.0,18044.0,4450.622710622711,happiness
465,2070.0,2079.0,35056.0,4464.0293040293045,happiness
466,2078.0,2079.0,34964.0,4467.216117216117,happiness
467,2045.0,2058.0,18215.0,,happiness
468,2019.0,2032.0,18215.0,4438.205128205129,happiness
469,2035.0,2055.0,36129.0,4456.630036630037,happiness
470,2062.0,2076.0,36122.0,4445.384615384615,happiness
471,2023.0,2034.0,18154.0,4442.637362637363,happiness
472,2051.5,2058.0,18061.0,4444.029304029305,happiness
473,2043.0,2052.0,34813.0,4476.959706959708,happiness
474,2041.0,2053.0,52234.0,4486.483516483518,happiness
475,2036.0,2039.0,35176.0,4458.644688644689,happiness
476,2049.0,2054.0,35062.0,4473.791208791209,happiness
477,2043.0,2051.0,34902.0,4470.805860805861,happiness
478,2027.0,2043.0,18197.0,4477.380952380953,happiness
479,2041.0,2054.0,18503.0,4459.780219780221,happiness
480,2058.0,2059.0,35366.0,4489.963369963371,happiness
481,2043.0,2046.0,35068.0,4368.937728937729,happiness
482,2055.0,2056.0,34666.0,4493.095238095239,happiness
483,2059.0,2074.0,52305.0,4467.1611721611725,happiness
484,2031.0,2054.0,35000.0,4459.92673992674,happiness
485,2092.0,2102.0,18099.0,4448.937728937729,happiness
486,2048.0,2054.0,18269.0,4458.86446886447,happiness
487,1973.0,1957.0,18608.0,4425.201465201465,happiness
488,2045.0,2053.0,52855.0,4439.084249084251,happiness
489,2044.0,2050.0,50723.0,4501.0989010989015,happiness
490,2045.0,2052.0,51409.0,4452.161172161172,happiness
491,2063.0,2074.0,51242.0,4452.783882783884,happiness
492,2044.0,2053.0,51183.0,4449.41391941392,happiness
493,2051.0,2058.0,51499.0,4449.15750915751,happiness
494,2055.0,2068.0,18120.0,4428.205128205129,happiness
495,2049.0,2059.0,18207.0,4520.805860805862,happiness
496,2073.0,2084.0,18199.0,4514.4322344322345,happiness
497,2054.0,2060.0,18913.0,4460.512820512821,happiness
498,2067.0,2068.0,35220.0,4424.322344322345,happiness
499,2062.0,2050.0,36016.0,4453.260073260074,happiness
500,2046.0,2058.0,35759.0,4416.043956043957,happiness
501,2090.0,2099.0,35476.0,4426.6300366300375,happiness
502,2047.0,2050.0,50599.0,4396.2271062271075,happiness
503,2038.0,2042.0,50475.0,4399.377289377289,happiness
504,2092.0,2099.0,18485.0,4437.728937728939,happiness
505,2047.0,2057.0,18441.0,4454.322344322345,happiness
506,2040.0,2055.0,51369.0,4444.3589743589755,happiness
507,2053.0,2068.0,34446.0,4425.201465201465,happiness
508,2039.0,2051.0,34970.0,4430.842490842491,happiness
509,2068.0,2086.0,18136.0,,happiness
510,2071.0,2083.0,18231.0,,happiness
511,2058.0,2067.0,35483.0,4382.985347985348,happiness
512,2030.0,2037.0,35884.0,4421.062271062272,happiness
513,2042.0,2053.0,35520.0,4406.776556776557,happiness
514,2014.5,2023.0,35769.0,4387.399267399268,happiness
515,2076.0,2085.0,35847.0,4400.915750915751,happiness
516,2100.0,2100.0,35403.0,4405.934065934068,happiness
517,2070.0,2093.0,35158.0,4341.153846153848,happiness
518,2056.0,2058.0,52315.0,4454.468864468865,happiness
519,2020.0,2007.0,35927.0,4439.267399267399,happiness
520,2139.0,2136.0,34845.0,4482.197802197803,happiness
521,2032.0,2043.0,18356.0,4445.714285714287,happiness
522,2008.0,2012.0,18341.0,4435.8241758241775,happiness
523,2065.0,2070.0,19930.0,4451.465201465202,happiness
524,2063.0,2069.0,19685.0,4457.655677655677,happiness
525,2040.0,2044.0,17964.0,4472.234432234433,happiness
526,2045.0,2047.0,35846.0,4462.1611721611725,happiness
527,2047.0,2059.0,35141.0,4466.520146520147,neutral
528,2064.0,2074.0,34793.0,4475.531135531136,neutral
529,2043.0,2051.0,35739.0,4463.846153846154,neutral
530,2037.0,2049.0,51050.0,4457.179487179487,neutral
531,2039.0,2052.0,50856.0,4449.08424908425,neutral
532,2041.0,2046.0,35413.0,4439.67032967033,neutral
533,2045.0,2056.0,35041.0,4451.684981684983,neutral
534,2051.0,2053.0,35680.5,4438.021978021979,neutral
535,2074.0,2082.0,35007.0,4434.139194139195,neutral
536,2075.0,2073.0,35289.0,4449.45054945055,neutral
537,2060.0,2063.0,35183.0,4432.307692307692,neutral
538,2087.0,2084.0,35168.0,4442.307692307692,neutral
539,2086.0,2084.0,35221.0,4455.641025641026,neutral
540,2039.0,2049.0,35395.0,4443.772893772895,neutral
541,2045.0,2070.0,17986.0,4471.941391941393,neutral
542,2071.0,2077.0,36161.0,4446.959706959707,neutral
543,2053.0,2068.0,35645.0,4470.000000000001,neutral
544,2082.0,2078.0,36071.0,4437.582417582418,neutral
545,2094.0,2108.0,17943.0,4464.798534798536,neutral
546,2027.0,2054.0,52349.0,4486.996336996337,neutral
547,2041.0,2036.0,50715.0,4458.974358974358,neutral
548,2054.0,2061.0,51046.0,4390.915750915751,neutral
549,2039.0,2047.0,50698.0,4462.747252747254,neutral
550,2027.0,2020.0,50738.0,4407.728937728939,neutral
551,2065.0,2063.0,50775.0,4500.805860805861,neutral
552,2045.0,2051.0,50747.0,4432.252747252748,neutral
553,2077.0,2087.0,51446.0,4369.743589743591,neutral
554,2088.0,2092.0,34888.0,4449.5604395604405,neutral
555,2050.0,2058.0,34590.0,4420.073260073261,neutral
556,2039.0,2050.0,34530.0,4450.76923076923,neutral
557,2045.0,2054.0,34492.0,4431.611721611723,neutral
558,2069.0,2111.0,35099.0,4414.322344322345,neutral
559,2085.0,2084.0,35108.0,4448.589743589744,neutral
560,2042.0,2053.0,34445.0,4451.868131868132,neutral
561,2039.0,2052.0,34478.0,4455.1648351648355,neutral
562,2039.0,2049.0,34457.0,4452.124542124543,neutral
563,2045.0,2047.0,34590.0,4430.934065934067,neutral
564,2043.0,2050.0,51786.0,4444.065934065934,neutral
565,2044.0,2050.0,51620.0,4456.336996336997,neutral
566,2063.0,2070.0,17975.0,4452.637362637363,neutral
567,,,18090.0,4454.194139194139,neutral
568,,,17922.0,4461.135531135532,neutral
569,2069.0,2071.0,34856.0,4453.040293040294,neutral
570,2079.0,2095.0,34957.0,4461.098901098901,neutral
571,2074.0,2080.0,34961.0,4463.772893772895,neutral
572,2070.0,2079.0,35056.0,4464.0293040293045,neutral
573,2078.0,2079.0,34964.0,4467.216117216117,neutral
574,2075.0,2083.0,35022.0,4463.150183150184,neutral
575,2059.0,2071.0,35280.0,4457.765567765569,neutral
576,2034.0,2049.0,36036.0,4454.5604395604405,neutral
577,2050.0,2066.0,35413.0,4474.871794871796,neutral
578,2050.0,2056.0,35604.0,4450.622710622711,neutral
579,2064.0,2061.0,35087.0,4469.340659340661,neutral
580,2047.0,2053.0,35882.0,4434.3589743589755,neutral
581,2056.0,2061.0,35202.0,4471.446886446886,neutral
582,2050.0,2038.0,35014.0,4462.930402930403,neutral
583,2044.0,2055.0,35983.0,4453.6263736263745,neutral
584,2039.0,2055.0,36063.0,4455.311355311355,neutral
585,2053.0,2071.0,18070.0,4449.267399267401,neutral
586,2085.0,2096.0,35419.0,4431.575091575092,neutral
587,2041.0,2047.0,18016.0,4444.945054945056,neutral
588,2039.0,2048.0,34742.0,4467.802197802199,neutral
589,2041.0,2051.0,52215.0,4485.311355311355,neutral
590,2038.0,2047.0,52436.0,4485.879120879121,neutral
591,2050.0,2058.0,34522.0,4474.578754578755,neutral
592,2042.0,2031.0,34465.0,4457.875457875458,neutral
593,2050.0,2067.0,52623.0,4475.347985347986,neutral
594,2066.0,2078.0,52304.0,4483.992673992675,neutral
595,2048.0,2051.0,34508.0,4476.410256410259,neutral
596,2079.0,2075.0,52595.0,4474.578754578755,neutral
597,2031.0,2040.0,18399.0,4467.142857142858,neutral
598,2031.0,2047.0,18192.0,4469.08424908425,neutral
599,2027.0,2044.0,18411.0,4466.538461538463,neutral
600,2041.0,2047.0,34548.0,4487.509157509158,neutral
601,2040.0,2047.0,34575.0,4425.604395604397,neutral
602,2054.0,2061.0,34479.0,4407.838827838828,neutral
603,2059.0,2063.0,34650.0,4477.692307692308,neutral
604,2054.0,2056.0,34846.0,4362.1611721611725,neutral
605,2053.0,2059.0,34679.0,4488.553113553115,neutral
606,2043.0,2047.0,34704.0,4431.648351648352,neutral
607,2039.0,2043.0,34649.0,4487.985347985348,neutral
608,2040.0,2047.0,34996.0,4506.117216117217,neutral
609,2036.0,2051.0,34887.0,4459.670329670329,neutral
610,2019.0,2027.0,35257.0,4410.03663003663,neutral
611,2069.0,2079.0,52628.5,4459.908424908425,neutral
612,2071.0,2085.0,18011.0,4447.289377289378,neutral
613,2067.0,2079.0,35862.0,4501.8315018315025,neutral
614,2088.0,2098.0,18423.0,4471.4285714285725,neutral
615,2075.0,2077.0,18081.0,4450.366300366301,neutral
616,2073.0,2085.0,18027.0,4453.516483516484,neutral
617,2066.0,2077.0,18027.0,4446.593406593407,neutral
618,2091.0,2096.0,18031.0,4447.399267399267,neutral
619,2062.0,2076.0,18004.0,4455.311355311356,neutral
620,2054.0,2061.0,19920.0,4443.003663003663,neutral
621,2097.0,2116.0,19708.0,4452.326007326008,neutral
622,2067.0,2090.0,19210.0,4456.813186813187,neutral
623,2082.0,2094.0,18528.0,4465.879120879122,neutral
624,2057.0,2062.0,34572.0,4422.289377289378,neutral
625,2032.0,2037.0,34506.0,4445.384615384616,neutral
626,2055.0,2062.0,52976.0,4422.417582417583,neutral
627,2041.0,2049.0,34504.0,4445.018315018316,neutral
628,2044.0,2050.0,52865.0,4449.56043956044,neutral
629,2020.0,2030.0,34667.0,4460.879120879122,neutral
630,2055.0,2063.0,34448.0,4455.860805860806,neutral
631,2043.0,2053.0,34685.0,4420.32967032967,neutral
632,2052.0,2061.0,34627.0,4455.274725274727,neutral
633,2043.0,2057.0,34635.0,4434.102564102564,neutral
634,2052.0,2051.0,34433.0,4449.23076923077,neutral
635,2054.0,2063.0,34592.0,4436.813186813187,neutral
636,2042.0,2039.0,50409.0,4466.153846153847,neutral
637,2017.0,2020.0,50635.0,4481.318681318682,neutral
638,2047.0,2054.0,18607.0,4423.626373626374,neutral
639,2042.0,2051.0,18767.0,4441.538461538462,neutral
640,2053.0,2070.0,18545.0,4422.124542124543,neutral
641,2055.0,2070.0,18523.0,,neutral
642,2051.0,2066.0,18603.0,,neutral
643,2027.0,2029.0,18628.0,4405.457875457876,neutral
644,2055.0,2068.0,18120.0,4428.205128205129,neutral
645,2117.0,2134.0,18240.0,,neutral
646,2080.0,2091.0,18031.0,4567.619047619048,neutral
647,2087.0,2105.0,17953.0,4663.186813186814,neutral
648,2160.0,2170.0,18194.0,4502.673992673993,neutral
649,2085.0,2096.0,17951.0,4608.772893772894,neutral
650,2095.0,2107.0,18211.0,4520.659340659341,neutral
651,2083.0,2090.0,18242.0,4513.076923076924,neutral
652,2093.0,2098.0,18312.0,,neutral
653,2051.0,2062.0,18828.0,4449.6336996336995,neutral
654,2057.0,2064.0,18753.0,4458.901098901099,neutral
655,2053.0,2063.0,18681.0,4461.978021978021,neutral
656,2061.0,2063.0,35826.0,4452.4908424908435,neutral
657,2049.0,2060.0,35692.0,4456.410256410257,neutral
658,2144.0,2143.0,35179.0,4414.249084249084,neutral
659,2112.0,2131.0,35180.0,4411.611721611723,neutral
660,2105.0,2109.0,34860.0,4380.512820512821,neutral
661,2099.0,2107.0,34994.0,4379.0293040293045,neutral
662,2146.0,2157.0,35482.0,4432.197802197804,neutral
663,2137.0,2145.0,35197.0,4436.263736263738,neutral
664,2100.0,2110.0,35264.5,4423.516483516483,neutral
665,2043.0,2052.0,35320.0,4406.080586080587,neutral
666,2074.0,2086.0,34692.0,4335.274725274726,neutral
667,2034.0,2042.0,50582.0,4384.78021978022,neutral
668,2034.0,2039.0,50751.0,4433.809523809525,neutral
669,2038.0,2047.0,50556.0,4418.424908424909,neutral
670,2051.0,2044.0,50903.0,4362.417582417582,neutral
671,2036.0,2046.0,50545.0,4397.326007326009,neutral
672,2042.0,2048.0,50714.0,4349.816849816851,neutral
673,2040.0,2046.0,50583.0,4417.252747252748,neutral
674,2038.0,2042.0,50475.0,4399.377289377289,neutral
675,2041.0,2047.0,50582.0,4383.864468864469,neutral
676,2039.0,2040.0,50465.0,4433.333333333334,neutral
677,2099.0,2048.0,50968.0,4399.85347985348,neutral
678,2059.0,2050.0,51351.0,4345.091575091576,neutral
679,2047.0,2045.0,50663.0,4407.637362637363,neutral
680,2102.0,2087.0,18425.0,4439.084249084249,neutral
681,2076.0,2086.0,18443.0,4452.380952380953,neutral
682,2065.0,2075.0,18449.0,4436.190476190476,neutral
683,2067.0,2084.0,18414.0,4401.575091575092,neutral
684,2059.0,2071.0,18374.0,4450.695970695971,neutral
685,2093.0,2104.0,18438.0,4458.4249084249095,neutral
686,2039.0,2055.0,51325.0,4445.970695970697,neutral
687,2050.0,2066.0,52368.0,4441.684981684983,neutral
688,2041.0,2053.0,51714.0,4435.054945054946,neutral
689,2041.0,2047.0,34719.0,4494.395604395605,neutral
690,2045.0,2051.0,35320.0,4495.311355311356,neutral
691,2056.0,2059.0,18098.0,,neutral
692,2061.0,2070.0,36152.0,4467.692307692308,neutral
693,2047.0,2050.0,35877.0,4441.611721611722,neutral
694,2082.0,2095.0,18016.0,,neutral
695,2035.0,2043.0,35725.0,4445.347985347985,neutral
696,2079.0,2085.0,35810.0,4461.978021978022,neutral
697,2054.0,2061.0,35956.0,4420.952380952381,neutral
698,2058.0,2065.0,35911.0,4426.813186813188,neutral
699,2071.0,2075.0,35188.0,4384.542124542125,neutral
700,2073.0,2079.0,35067.0,4336.263736263737,neutral
701,2064.0,2072.0,35203.0,4398.571428571429,neutral
702,2069.0,2086.0,34801.0,4302.747252747253,neutral
703,2037.0,2070.0,34701.0,4342.930402930403,neutral
704,2066.0,2063.0,35286.0,4392.4908424908435,neutral
705,2069.0,2071.0,34990.0,4393.516483516484,neutral
706,2088.0,2093.0,34814.0,4326.007326007326,neutral
707,2049.0,2052.0,34732.0,4444.212454212456,neutral
708,2068.0,2062.0,51912.0,4441.062271062271,neutral
709,2052.0,2060.0,52287.0,4458.901098901099,neutral
710,2039.0,2039.0,50544.0,4460.18315018315,neutral
711,2061.0,2057.0,52282.0,4440.695970695972,neutral
712,2114.5,2109.0,35562.0,4456.208791208792,neutral
713,2103.0,2097.0,34999.0,4473.369963369964,neutral
714,2101.0,2100.0,36088.0,4445.787545787546,neutral
715,2087.0,2087.0,35169.0,4467.655677655678,neutral
716,2015.0,2019.0,18423.0,4441.758241758243,neutral
717,2091.0,2080.0,18270.0,4434.945054945055,neutral
718,2044.0,2036.0,18408.0,4442.967032967033,neutral
719,2047.0,2038.0,18291.0,4434.139194139195,neutral
720,2069.0,2063.0,18379.0,4452.014652014654,neutral
721,2043.0,2045.0,18506.0,4448.901098901099,neutral
722,2052.0,2048.0,18347.0,4432.838827838829,neutral
723,2024.0,2027.0,18379.0,4450.0,neutral
724,2034.0,2035.0,18237.0,4448.021978021979,neutral
725,2079.0,2079.0,19805.0,4448.168498168498,neutral
726,2075.0,2076.0,19638.0,4453.956043956045,neutral
727,2087.0,2087.0,19502.0,4458.608058608059,neutral
728,2061.0,2063.0,19691.0,4451.062271062271,neutral
729,2081.0,2082.0,19667.0,4449.120879120879,neutral
730,2060.0,2059.0,19631.0,4458.571428571429,neutral
731,2066.0,2066.0,19637.0,4461.062271062271,neutral
732,2039.0,2043.0,18108.0,4469.12087912088,neutral
733,2049.0,2053.0,17968.0,4466.666666666667,neutral
734,2044.0,2048.0,18163.0,4450.805860805862,neutral
735,2048.0,2051.0,18022.0,4472.820512820514,neutral
736,2038.0,2050.0,51187.0,4456.593406593407,sadness
737,2034.0,2047.0,50891.0,4452.051282051283,sadness
738,2041.0,2050.0,35154.0,4442.967032967033,sadness
739,2035.0,2039.0,35887.0,4448.241758241759,sadness
740,2071.0,2080.0,35765.0,4465.201465201465,sadness
741,2074.0,2074.0,17957.0,4460.879120879122,sadness
742,2086.0,2091.0,35860.0,4450.586080586081,sadness
743,2070.0,2083.0,36150.0,4474.322344322345,sadness
744,2024.0,2030.0,36131.0,4471.391941391942,sadness
745,2082.0,2078.0,36071.0,4437.582417582418,sadness
746,2062.0,2064.0,35514.0,4466.666666666667,sadness
747,2079.0,2076.0,17977.0,4454.139194139195,sadness
748,2065.0,2063.0,50775.0,4500.805860805861,sadness
749,2045.0,2051.0,50747.0,4432.252747252748,sadness
750,2042.0,2052.0,50736.0,4436.336996336997,sadness
751,2040.0,2048.0,50701.0,4438.241758241758,sadness
752,2086.0,2083.0,34672.0,4475.4945054945065,sadness
753,2045.0,2049.0,34571.0,4440.989010989012,sadness
754,2069.0,2111.0,35099.0,4414.322344322345,sadness
755,2040.0,2050.0,52787.0,4451.391941391942,sadness
756,2031.0,2043.0,35037.0,4412.197802197802,sadness
757,2042.0,2053.0,34445.0,4451.868131868132,sadness
758,2051.0,2059.0,34504.0,4449.963369963371,sadness
759,2039.0,2052.0,34478.0,4455.1648351648355,sadness
760,2039.0,2049.0,34457.0,4452.124542124543,sadness
761,2045.0,2047.0,34590.0,4430.934065934067,sadness
762,2043.0,2048.0,51836.0,4446.556776556776,sadness
763,2047.0,2056.0,51425.0,4445.054945054946,sadness
764,2045.0,2051.0,51807.0,4451.465201465203,sadness
765,2044.0,2052.0,51067.0,4443.956043956044,sadness
766,2045.0,2050.0,51591.0,4451.575091575092,sadness
767,2040.0,2047.0,51745.0,4441.978021978023,sadness
768,2070.0,2073.0,17954.0,4443.589743589745,sadness
769,2026.0,2028.0,18044.0,4450.622710622711,sadness
770,,,17922.0,4461.135531135532,sadness
771,,,18022.0,4447.216117216118,sadness
772,,,18050.0,4449.85347985348,sadness
773,,,36061.0,4448.351648351649,sadness
774,,,18183.0,4448.516483516484,sadness
775,2076.0,2085.0,35094.0,4457.619047619048,sadness
776,2045.0,2058.0,18215.0,,sadness
777,2035.0,2055.0,36129.0,4456.630036630037,sadness
778,2062.0,2076.0,36122.0,4445.384615384615,sadness
779,2023.0,2034.0,18154.0,4442.637362637363,sadness
780,2051.5,2058.0,18061.0,4444.029304029305,sadness
781,2023.0,2039.0,18116.0,4445.934065934066,sadness
782,2045.0,2050.0,36035.0,4436.849816849817,sadness
783,2037.0,2052.0,34776.0,4465.457875457875,sadness
784,2041.0,2053.0,52234.0,4486.483516483518,sadness
785,2042.0,2052.0,52911.0,4470.842490842492,sadness
786,2036.0,2039.0,35176.0,4458.644688644689,sadness
787,2049.0,2054.0,35062.0,4473.791208791209,sadness
788,2043.0,2051.0,34902.0,4470.805860805861,sadness
789,2041.0,2048.0,34800.0,4458.717948717949,sadness
790,2041.0,2051.0,52385.0,4476.666666666667,sadness
791,2033.0,2044.0,34701.0,4492.820512820513,sadness
792,2045.0,2029.0,34460.0,4466.813186813187,sadness
793,2067.0,2060.0,34497.0,4455.1648351648355,sadness
794,2065.0,2073.0,52874.0,4455.457875457876,sadness
795,2072.0,2075.0,34505.0,4476.336996336997,sadness
796,2039.0,2055.0,18504.0,4472.710622710624,sadness
797,2022.0,2043.0,17941.0,4520.586080586081,sadness
798,2043.0,2055.0,18172.0,4507.857142857143,sadness
799,2031.0,2047.0,18192.0,4469.08424908425,sadness
800,2039.0,2043.0,34649.0,4487.985347985348,sadness
801,2055.0,2057.0,34904.0,4423.461538461539,sadness
802,2055.0,2070.0,52516.0,4466.556776556778,sadness
803,2055.0,2067.0,34784.0,4464.505494505495,sadness
804,2055.0,2071.0,34649.0,4461.465201465202,sadness
805,2024.0,2023.0,18220.0,4491.135531135531,sadness
806,2049.0,2055.0,18210.0,4446.0989010989015,sadness
807,2041.0,2062.0,19607.0,4456.263736263738,sadness
808,2030.0,2057.0,18276.0,4486.556776556778,sadness
809,2082.0,2094.0,18528.0,4465.879120879122,sadness
810,2043.0,2053.0,34685.0,4420.32967032967,sadness
811,2052.0,2060.0,34466.0,4434.395604395605,sadness
812,1993.0,1994.0,50741.0,4462.8205128205145,sadness
813,2026.0,2030.0,50451.0,4464.358974358975,sadness
814,2011.0,2009.0,50559.0,4453.223443223444,sadness
815,2039.0,2041.0,50493.0,4458.058608058609,sadness
816,2049.0,2044.0,50382.0,4471.794871794872,sadness
817,2052.0,2048.0,50300.0,4396.0256410256425,sadness
818,2073.0,2079.0,51428.0,4457.179487179487,sadness
819,2063.0,2074.0,51242.0,4452.783882783884,sadness
820,2044.0,2053.0,51183.0,4449.41391941392,sadness
821,2051.0,2058.0,51499.0,4449.15750915751,sadness
822,2053.0,2068.0,51439.0,4454.798534798536,sadness
823,2058.0,2072.0,51615.0,4458.60805860806,sadness
824,2062.0,2069.0,51125.0,,sadness
825,2053.0,2070.0,18545.0,4422.124542124543,sadness
826,2051.0,2066.0,18603.0,,sadness
827,2035.0,2024.0,18937.0,4435.494505494505,sadness
828,2048.0,2067.0,18739.0,,sadness
829,2042.0,2056.0,18521.0,4413.626373626374,sadness
830,2069.0,2086.0,18446.0,4416.043956043957,sadness
831,2047.0,2057.0,18630.0,4433.406593406594,sadness
832,2083.0,2103.0,18288.0,,sadness
833,2105.0,2119.0,18049.0,4530.531135531136,sadness
834,2053.0,2063.0,18681.0,4461.978021978021,sadness
835,2057.0,2059.0,18812.0,4477.142857142858,sadness
836,2085.0,2094.0,18674.0,4470.10989010989,sadness
837,2061.0,2073.0,18794.0,4458.315018315018,sadness
838,2058.0,2069.0,18782.0,4461.465201465202,sadness
839,2065.0,2071.0,35577.0,4434.468864468865,sadness
840,2062.0,2050.0,36016.0,4453.260073260074,sadness
841,2067.0,2072.0,35367.5,4441.904761904762,sadness
842,2081.0,2087.0,18312.0,4393.956043956045,sadness
843,2053.0,2048.0,35899.0,4448.937728937729,sadness
844,2065.0,2074.0,35934.0,4424.249084249085,sadness
845,2040.0,2045.0,36049.0,4449.230769230771,sadness
846,2112.0,2131.0,35180.0,4411.611721611723,sadness
847,2146.0,2157.0,35482.0,4432.197802197804,sadness
848,2137.0,2145.0,35197.0,4436.263736263738,sadness
849,2043.0,2052.0,35320.0,4406.080586080587,sadness
850,2104.0,2125.0,35396.0,4439.2307692307695,sadness
851,2126.0,2131.0,35219.0,4426.007326007327,sadness
852,2091.0,2106.0,35336.0,4428.351648351649,sadness
853,2047.0,2050.0,50599.0,4396.2271062271075,sadness
854,2039.0,2042.0,50513.0,4393.223443223444,sadness
855,2059.0,2071.0,18374.0,4450.695970695971,sadness
856,2092.0,2099.0,18485.0,4437.728937728939,sadness
857,2079.0,2097.0,18457.0,4448.186813186813,sadness
858,2030.0,2023.5,18465.0,4450.43956043956,sadness
859,2067.0,2075.0,18443.0,4426.080586080588,sadness
860,2065.0,2072.0,18449.0,4366.520146520146,sadness
861,2036.0,2050.0,51943.0,4439.67032967033,sadness
862,2041.0,2050.0,52305.0,4440.970695970697,sadness
863,2080.0,2090.0,34656.0,4405.457875457876,sadness
864,2083.0,2094.0,35085.0,4437.7655677655675,sadness
865,2067.0,2074.0,34914.0,4440.000000000001,sadness
866,2063.0,2076.0,34513.0,4414.542124542125,sadness
867,2048.0,2061.0,34611.0,4447.179487179488,sadness
868,2090.0,2095.0,52650.0,4363.150183150184,sadness
869,2076.0,2080.0,35286.0,4447.875457875459,sadness
870,2070.0,2079.0,34718.0,4450.384615384617,sadness
871,2056.0,2064.0,34676.0,4489.81684981685,sadness
872,2075.0,2076.0,34618.0,4489.74358974359,sadness
873,2047.0,2053.0,35065.0,4509.304029304029,sadness
874,2048.0,2042.0,35517.0,4460.256410256411,sadness
875,2085.0,2097.0,34553.0,4515.347985347986,sadness
876,2068.0,2074.0,34770.0,4493.040293040293,sadness
877,2073.0,2081.0,36039.0,4446.886446886447,sadness
878,2059.0,2064.0,18200.0,,sadness
879,2075.0,2090.0,17964.0,,sadness
880,2057.0,2065.0,35816.0,4418.2234432234445,sadness
881,2051.0,2058.0,35965.0,4415.531135531136,sadness
882,2060.0,2068.0,35961.0,4414.798534798536,sadness
883,2039.0,2046.0,35979.0,4429.34065934066,sadness
884,2030.0,2037.0,35884.0,4421.062271062272,sadness
885,2042.0,2053.0,35520.0,4406.776556776557,sadness
886,2028.0,2035.0,35628.0,4337.252747252748,sadness
887,2014.5,2023.0,35769.0,4387.399267399268,sadness
888,2061.0,2065.0,35817.0,4406.813186813187,sadness
889,2042.0,2054.0,35895.0,4409.01098901099,sadness
890,2051.0,2059.0,36030.0,4422.197802197802,sadness
891,2076.0,2085.0,35847.0,4400.915750915751,sadness
892,2070.0,2093.0,35158.0,4341.153846153848,sadness
893,2058.0,2063.0,34858.0,4437.362637362638,sadness
894,2056.0,2059.0,34543.0,4446.849816849818,sadness
895,2053.0,2057.0,52315.0,4444.835164835166,sadness
896,2084.0,2085.0,36161.0,4442.527472527473,sadness
897,2116.0,2113.0,35539.0,4457.032967032968,sadness
898,2068.0,2068.0,36065.0,4448.461538461539,sadness
899,2097.0,2099.0,35266.0,4458.79120879121,sadness
900,2123.0,2109.0,35152.0,4468.901098901099,sadness
901,2109.0,2093.0,35887.0,4456.703296703297,sadness
902,2048.0,2064.0,35969.0,4446.483516483518,sadness
903,2103.0,2067.0,18422.0,4446.739926739927,sadness
904,1998.0,1996.0,18185.0,4422.967032967033,sadness
905,2061.0,2063.0,19691.0,4451.062271062271,sadness
906,2081.0,2082.0,19667.0,4449.120879120879,sadness
907,2060.0,2059.0,19631.0,4458.571428571429,sadness
908,2073.0,2076.0,19495.0,4474.505494505494,sadness
909,2063.0,2069.0,19685.0,4457.655677655677,sadness
910,2038.0,2043.0,18029.0,4449.743589743592,sadness
911,2045.0,2047.0,35846.0,4462.1611721611725,sadness
912,2046.0,2052.0,18353.0,4441.721611721612,sadness
913,2044.0,2047.0,36079.0,4465.054945054945,sadness
914,2037.0,2039.0,18171.0,4455.054945054945,sadness
915,2036.0,2036.0,35826.0,4449.45054945055,surprise
916,2044.0,2053.0,51151.0,4468.424908424909,surprise
917,2028.0,2041.0,50867.0,4455.897435897437,surprise
918,2038.0,2050.0,51187.0,4456.593406593407,surprise
919,2038.0,2049.0,35281.0,4447.765567765568,surprise
920,2042.0,2048.0,35812.0,4445.091575091576,surprise
921,2069.0,2080.0,17944.0,4450.10989010989,surprise
922,2074.0,2074.0,17957.0,4460.879120879122,surprise
923,2086.0,2091.0,35860.0,4450.586080586081,surprise
924,2024.0,2030.0,36131.0,4471.391941391942,surprise
925,2060.0,2046.0,34689.0,4482.600732600733,surprise
926,2042.0,2037.0,34786.0,4390.586080586081,surprise
927,2043.0,2056.0,51902.0,4495.8974358974365,surprise
928,2041.0,2052.0,52799.0,4438.644688644689,surprise
929,2045.0,2051.0,50747.0,4432.252747252748,surprise
930,2031.0,2040.0,50683.0,4487.344322344323,surprise
931,2045.0,2049.0,34571.0,4440.989010989012,surprise
932,2069.0,2111.0,35099.0,4414.322344322345,surprise
933,2040.0,2050.0,52787.0,4451.391941391942,surprise
934,2048.0,2048.0,52143.0,4442.454212454213,surprise
935,2040.0,2050.0,51664.0,4447.985347985348,surprise
936,2044.0,2050.0,51952.0,4440.402930402932,surprise
937,2033.0,2034.0,35882.0,4458.974358974359,surprise
938,2076.0,2085.0,35094.0,4457.619047619048,surprise
939,2065.0,2070.0,35136.0,4460.146520146521,surprise
940,2035.0,2055.0,36129.0,4456.630036630037,surprise
941,2062.0,2076.0,36122.0,4445.384615384615,surprise
942,2051.5,2058.0,18061.0,4444.029304029305,surprise
943,2046.0,2056.0,34539.0,4475.091575091576,surprise
944,2037.0,2052.0,34776.0,4465.457875457875,surprise
945,2043.0,2052.0,34813.0,4476.959706959708,surprise
946,2041.0,2053.0,52234.0,4486.483516483518,surprise
947,2042.0,2052.0,52911.0,4470.842490842492,surprise
948,2049.0,2054.0,35062.0,4473.791208791209,surprise
949,2043.0,2051.0,34902.0,4470.805860805861,surprise
950,2041.0,2048.0,34800.0,4458.717948717949,surprise
951,2033.0,2044.0,34701.0,4492.820512820513,surprise
952,2043.0,2055.0,18172.0,4507.857142857143,surprise
953,2055.0,2056.0,34666.0,4493.095238095239,surprise
954,2023.0,2025.0,35439.0,4411.941391941392,surprise
955,2034.0,2042.0,34858.0,4462.161172161172,surprise
956,2024.0,2023.0,18220.0,4491.135531135531,surprise
957,2049.0,2055.0,18210.0,4446.0989010989015,surprise
958,2041.0,2062.0,19607.0,4456.263736263738,surprise
959,2051.0,2051.0,19285.0,4434.981684981685,surprise
960,2020.0,2030.0,34667.0,4460.879120879122,surprise
961,2043.0,2053.0,34685.0,4420.32967032967,surprise
962,2032.0,2033.0,50457.0,4450.531135531136,surprise
963,1993.0,1994.0,50741.0,4462.8205128205145,surprise
964,2026.0,2030.0,50451.0,4464.358974358975,surprise
965,2016.0,2018.0,50884.0,,surprise
966,2011.0,2009.0,50559.0,4453.223443223444,surprise
967,2063.0,2074.0,51242.0,4452.783882783884,surprise
968,2051.0,2058.0,51499.0,4449.15750915751,surprise
969,2027.0,2029.0,18628.0,4405.457875457876,surprise
970,2035.0,2024.0,18937.0,4435.494505494505,surprise
971,2083.0,2103.0,18288.0,,surprise
972,2073.0,2084.0,18199.0,4514.4322344322345,surprise
973,2057.0,2059.0,18812.0,4477.142857142858,surprise
974,2069.0,2079.0,18832.0,4454.212454212455,surprise
975,2062.0,2050.0,36016.0,4453.260073260074,surprise
976,2067.0,2072.0,35367.5,4441.904761904762,surprise
977,2081.0,2087.0,18312.0,4393.956043956045,surprise
978,2099.0,2107.0,34994.0,4379.0293040293045,surprise
979,2040.0,2046.0,50583.0,4417.252747252748,surprise
980,2092.0,2099.0,18485.0,4437.728937728939,surprise
981,2079.0,2097.0,18457.0,4448.186813186813,surprise
982,2030.0,2023.5,18465.0,4450.43956043956,surprise
983,2036.0,2050.0,51943.0,4439.67032967033,surprise
984,2041.0,2050.0,52305.0,4440.970695970697,surprise
985,2048.0,2063.0,34556.5,4428.058608058609,surprise
986,2059.0,2064.0,35221.0,4441.135531135532,surprise
987,2083.0,2094.0,35085.0,4437.7655677655675,surprise
988,2067.0,2074.0,34914.0,4440.000000000001,surprise
989,2063.0,2076.0,34513.0,4414.542124542125,surprise
990,2056.0,2064.0,34676.0,4489.81684981685,surprise
991,2075.0,2076.0,34618.0,4489.74358974359,surprise
992,2048.0,2042.0,35517.0,4460.256410256411,surprise
993,2082.0,2095.0,18016.0,,surprise
994,2053.0,2060.0,18235.0,,surprise
995,2042.0,2053.0,35520.0,4406.776556776557,surprise
996,2028.0,2035.0,35628.0,4337.252747252748,surprise
997,2053.0,2060.0,35982.0,4427.271062271061,surprise
998,2068.0,2075.0,35432.0,4391.428571428572,surprise
999,2068.0,2074.0,34893.0,4362.527472527473,surprise
1000,2070.0,2093.0,35158.0,4341.153846153848,surprise
1001,2058.0,2063.0,34858.0,4437.362637362638,surprise
1002,2036.0,2053.0,35280.0,4451.684981684983,surprise
1003,2068.0,2068.0,36065.0,4448.461538461539,surprise
1004,2011.0,2037.0,18195.0,4406.630036630037,surprise
1005,2008.0,2012.0,18341.0,4435.8241758241775,surprise
1006,2060.0,2059.0,19631.0,4458.571428571429,surprise
1007,2063.0,2069.0,19685.0,4457.655677655677,surprise
1008,2038.0,2043.0,18029.0,4449.743589743592,surprise
